﻿Shape *,WDPAID,WDPA_PID,PA_DEF,NAME,ORIG_NAME,DESIG,DESIG_ENG,DESIG_TYPE,IUCN_CAT,INT_CRIT,MARINE,REP_M_AREA,GIS_M_AREA,REP_AREA,GIS_AREA,NO_TAKE,NO_TK_AREA,STATUS,STATUS_YR,GOV_TYPE,OWN_TYPE,MANG_AUTH,MANG_PLAN,CONS_OBJ,SUPP_INFO,VERIF,METADATAID,SUB_LOC,PARENT_ISO3,ISO3
Polygon,555682972,555682972,0,4.10 South Vazon / La Grande Mare wet meadows,4.10 South Vazon / La Grande Mare wet meadows,Sites of Special Significance,Sites of Special Significance,National,Not Applicable,Not Applicable,0,0,0,0.118195,0.118075,None,0,Designated,2016,Federal or national ministry or agency,Multiple ownership,States of Guernsey and private land owners,Not Reported ,Not Reported,Not Reported,State Verified,1887,Not Reported,GBR,GGY
Polygon,555682973,555682973,0,4.11 St Sampson's Marais / Ivy Castle,4.11 St Sampson's Marais / Ivy Castle,Sites of Special Significance,Sites of Special Significance,National,Not Applicable,Not Applicable,0,0,0,0.201853,0.201645,None,0,Designated,2016,Federal or national ministry or agency,State,States of Guernsey and private land owners,Not Reported ,Not Reported,Not Reported,State Verified,1887,Not Reported,GBR,GGY
Polygon,555682974,555682974,0,4.12 La Braye de Lihou,4.12 La Braye de Lihou,Sites of Special Significance,Sites of Special Significance,National,Not Applicable,Not Applicable,2,0,0.008073,0.008019,0.008073,None,0,Designated,2016,Federal or national ministry or agency,State,States of Guernsey,Not Reported ,Not Reported,Not Reported,State Verified,1887,Not Reported,GBR,GGY
Polygon,555682975,555682975,0,4.2 Cliffs,4.2 Cliffs,Sites of Special Significance,Sites of Special Significance,National,Not Applicable,Not Applicable,1,0,0.413372,3.619351,3.613888,None,0,Designated,2016,Federal or national ministry or agency,Multiple ownership,States of Guernsey and private land owners,Not Reported ,Not Reported,Not Reported,State Verified,1887,Not Reported,GBR,GGY
Polygon,555682976,555682976,0,4.3 Fort Hommet & Vazon coast,4.3 Fort Hommet & Vazon coast,Sites of Special Significance,Sites of Special Significance,National,Not Applicable,Not Applicable,0,0,0.015237,0.20086,0.200653,None,0,Designated,2016,Federal or national ministry or agency,State,States of Guernsey,Not Reported ,Not Reported,Not Reported,State Verified,1887,Not Reported,GBR,GGY
Polygon,555682977,555682977,0,"4.5 La Claire Mare, Lihou and L'Eree","4.5 La Claire Mare, Lihou and L'Eree",Sites of Special Significance,Sites of Special Significance,National,Not Applicable,Not Applicable,0,0,0.013991,0.206812,0.285841,None,0,Designated,2016,Federal or national ministry or agency,Multiple ownership,Not Reported,Not Reported ,Not Reported,Not Reported,State Verified,1887,Not Reported,GBR,GGY
Polygon,555682978,555682978,0,4.6 L'Ancresse Common,4.6 L'Ancresse Common,Sites of Special Significance,Sites of Special Significance,National,Not Applicable,Not Applicable,0,0,0.014146,1.291685,1.294954,None,0,Designated,2016,Federal or national ministry or agency,State,States of Guernsey,Not Reported ,Not Reported,Not Reported,State Verified,1887,Not Reported,GBR,GGY
Polygon,555682979,555682979,0,4.7 Les Vicheries and Rue Rocheuse,4.7 Les Vicheries and Rue Rocheuse,Sites of Special Significance,Sites of Special Significance,National,Not Applicable,Not Applicable,0,0,0,0.268479,0.081805,None,0,Designated,2016,Federal or national ministry or agency,Multiple ownership,Private land owners  ,Not Reported ,Not Reported,Not Reported,State Verified,1887,Not Reported,GBR,GGY
Polygon,555682980,555682980,0,4.8 Lihou Island,4.8 Lihou Island,Sites of Special Significance,Sites of Special Significance,National,Not Applicable,Not Applicable,1,0,0.035189,0.144163,0.144014,None,0,Designated,2016,Federal or national ministry or agency,State,States of Guernsey,Not Reported ,Not Reported,Not Reported,State Verified,1887,Not Reported,GBR,GGY
Polygon,555682981,555682981,0,4.9 Cobo to Vale Church,4.9 Cobo to Vale Church,Sites of Special Significance,Sites of Special Significance,National,Not Applicable,Not Applicable,0,0,0.02066,0.547242,0.546188,None,0,Designated,2016,Federal or national ministry or agency,Multiple ownership,States of Guernsey and private land owners,Not Reported ,Not Reported,Not Reported,State Verified,1887,Not Reported,GBR,GGY
Polygon,555651813,555651813,0,"Ducks Unlimited Canada, PEI Conservation Agreements","Ducks Unlimited Canada, PEI Conservation Agreements",Privately Owned Conservation Area,Privately Owned Conservation Area,National,Not Applicable,Not Applicable,0,0,0.344899,20.497128,20.491412,Not Applicable,0,Designated,0,Individual landowners,Individual landowners,Private,Not Reported,Not Reported,Not Reported,State Verified,1868,CA-PE,CAN,CAN
Polygon,555651814,555651814,0,CFB Shilo,CFB Shilo,Canadian Forces Base,Canadian Forces Base,National,Not Applicable,Not Applicable,0,0,0,230.61,230.539864,Not Applicable,0,Designated,2019,Federal or national ministry or agency,State,Department of National Defence,Not Reported,Not Reported,Not Reported,State Verified,1868,CA-MB,CAN,CAN
Polygon,555651788,555651788,0,Pinhorn Grazing Reserve,Pinhorn Grazing Reserve,Grazing Reserve,Grazing Reserve,National,Not Applicable,Not Applicable,0,0,0,283.056105,282.605388,Not Applicable,0,Designated,1961,Sub-national ministry or agency,State,Alberta Environment and Parks,https://www.alberta.ca/ministry-environment-parks.aspx,Not Reported,Not Reported,State Verified,1868,CA-AB,CAN,CAN
Polygon,555651681,555651681,0,Flathead Watershed Area,Flathead Watershed Area,Flathead Watershed Area,Flathead Watershed Area,National,Not Applicable,Not Applicable,0,0,0,1523.590478,1522.119382,Not Applicable,0,Designated,0,Sub-national ministry or agency,State,Government of British Columbia,http://www.bclaws.ca/civix/document/id/consol26/consol26/00_11020_01,Not Reported,Not Reported,State Verified,1868,CA-BC,CAN,CAN
Polygon,555651745,555651745,0,Muskwa-Ketchika Special Wildlands,Muskwa-Ketchika Special Wildlands,Resource Management Zone,Resource Management Zone,National,Not Applicable,Not Applicable,0,0,0,8954.613933,8928.783289,Not Applicable,0,Designated,0,Sub-national ministry or agency,State,Government of British Columbia,http://www.muskwa-kechika.com/management-area/resource-management-zones,Not Reported,Not Reported,State Verified,1868,CA-BC,CAN,CAN
Polygon,555651815,555651815,0,Sea to Sky Wildland Areas,Sea to Sky Wildland Areas,Sea to Sky Wildland Areas,Sea to Sky Wildland Areas,National,Not Applicable,Not Applicable,0,0,0,2513.466442,2510.3477,Not Applicable,0,Designated,0,Sub-national ministry or agency,State,Government of British Columbia,Not Reported,Not Reported,Not Reported,State Verified,1868,CA-BC,CAN,CAN
Polygon,555651741,555651741,0,WHA Specific,WHA Specific,WHA Specific,WHA Specific,National,Not Applicable,Not Applicable,0,2.007828,2.562719,11209.27208,11185.50276,Not Applicable,0,Designated,0,Sub-national ministry or agency,State,Government of British Columbia,http://www.env.gov.bc.ca/wld/frpa/iwms/wha.html,Not Reported,Not Reported,State Verified,1868,CA-BC,CAN,CAN
Polygon,555651789,555651789,0,Sooke - River,Sooke - River,Water Supply Area (Active),Water Supply Area (Active),Not Applicable,Not Applicable,Not Applicable,0,0,0,0.051287,0.051245,Not Applicable,0,Established,0,Local communities,State,Capital Regional District,https://www.crd.bc.ca/,Not Reported,Not Reported,State Verified,1868,CA-BC,CAN,CAN
Polygon,555651790,555651790,0,Goldstream,Goldstream,Water Supply Area (Active),Water Supply Area (Active),Not Applicable,Not Applicable,Not Applicable,0,0,0,22.915966,22.897524,Not Applicable,0,Established,0,Local communities,State,Capital Regional District,https://www.crd.bc.ca/,Not Reported,Not Reported,State Verified,1868,CA-BC,CAN,CAN
Polygon,555651791,555651791,0,Goldstream - Gravel Pit,Goldstream - Gravel Pit,Water Supply Area (Active),Water Supply Area (Active),Not Applicable,Not Applicable,Not Applicable,0,0,0,0.055374,0.055331,Not Applicable,0,Established,0,Local communities,State,Capital Regional District,https://www.crd.bc.ca/,Not Reported,Not Reported,State Verified,1868,CA-BC,CAN,CAN
Polygon,555651792,555651792,0,Goldstream - Japan Gulch,Goldstream - Japan Gulch,Water Supply Area (Active),Water Supply Area (Active),Not Applicable,Not Applicable,Not Applicable,0,0,0,0.112201,0.112112,Not Applicable,0,Established,0,Local communities,State,Capital Regional District,https://www.crd.bc.ca/,Not Reported,Not Reported,State Verified,1868,CA-BC,CAN,CAN
Polygon,555651793,555651793,0,Charters,Charters,CRD IWS Property,CRD IWS Property,Not Applicable,Not Applicable,Not Applicable,0,0,0,1.605352,1.604093,Not Applicable,0,Established,0,Local communities,State,Capital Regional District,https://www.crd.bc.ca/,Not Reported,Not Reported,State Verified,1868,CA-BC,CAN,CAN
Polygon,555651794,555651794,0,Sooke,Sooke,Water Supply Area,Water Supply Area,Not Applicable,Not Applicable,Not Applicable,0,0,0,86.214775,86.143666,Not Applicable,0,Established,0,Local communities,State,Capital Regional District,https://www.crd.bc.ca/,Not Reported,Not Reported,State Verified,1868,CA-BC,CAN,CAN
Polygon,555651795,555651795,0,Leech,Leech,Water Supply Area (Future),Water Supply Area (Future),Not Applicable,Not Applicable,Not Applicable,0,0,0,96.288411,96.209469,Not Applicable,0,Established,0,Local communities,State,Capital Regional District,https://www.crd.bc.ca/,Not Reported,Not Reported,State Verified,1868,CA-BC,CAN,CAN
Polygon,555651742,555651742,0,Coquitlam Watershed,Coquitlam Watershed,Water Supply Area,Water Supply Area,Not Applicable,Not Applicable,Not Applicable,0,0,0,212.032934,211.815509,Not Applicable,0,Established,0,Local communities,State,Metro Vancouver,http://www.metrovancouver.org/,Not Reported,Not Reported,State Verified,1868,CA-BC,CAN,CAN
Polygon,555651743,555651743,0,Seymour Watershed,Seymour Watershed,Water Supply Area,Water Supply Area,Not Applicable,Not Applicable,Not Applicable,0,0,0,126.191772,126.06002,Not Applicable,0,Established,0,Local communities,State,Metro Vancouver,http://www.metrovancouver.org/,Not Reported,Not Reported,State Verified,1868,CA-BC,CAN,CAN
Polygon,555651744,555651744,0,Capilano Watershed,Capilano Watershed,Water Supply Area,Water Supply Area,Not Applicable,Not Applicable,Not Applicable,0,0,0,197.583414,197.379689,Not Applicable,0,Established,0,Local communities,State,Metro Vancouver,http://www.metrovancouver.org/,Not Reported,Not Reported,State Verified,1868,CA-BC,CAN,CAN
Polygon,555651747,555651747,0,Caribou Point,Edaį́į́la,Conservation zone in regional land use plan,Conservation zone in regional land use plan,National,Not Applicable,Not Applicable,0,0,0,8776.414365,8735.949798,Not Applicable,0,Designated,2013,Collaborative governance,Multiple ownership,"Indigenous Government, Government Of The Northwest Territories, Federal Government (Crown-Indigenous Relations And Northern Affairs Canada)",https://sahtulanduseplan.org/plan,Not Reported,Not Reported,State Verified,1868,CA-NT,CAN,CAN
Polygon,555651748,555651748,0,"Travaillant Uplands (Yeltea, Manuel, Boil Betuwe and Onhda Lakes)","Travaillant Uplands (Yeltea, Manuel, Boil Betuwe and Onhda Lakes)",Conservation zone in regional land use plan,Conservation zone in regional land use plan,National,Not Applicable,Not Applicable,0,0,0,187.01122,186.142807,Not Applicable,0,Designated,2013,Collaborative governance,Multiple ownership,"Indigenous Government, Government Of The Northwest Territories, Federal Government (Crown-Indigenous Relations And Northern Affairs Canada)",https://sahtulanduseplan.org/plan,Not Reported,Not Reported,State Verified,1868,CA-NT,CAN,CAN
Polygon,555651749,555651749,0,"Colville Upland Lakes (Burnt Lake, Long Lake, Stink Lake, Stump Lake, Trout Lake)","Colville Upland Lakes (Burnt Lake, Long Lake, Stink Lake, Stump Lake, Trout Lake)",Conservation zone in regional land use plan,Conservation zone in regional land use plan,National,Not Applicable,Not Applicable,0,0,0,112.810266,112.274657,Not Applicable,0,Designated,2013,Collaborative governance,Multiple ownership,"Indigenous Government, Government Of The Northwest Territories, Federal Government (Crown-Indigenous Relations And Northern Affairs Canada)",https://sahtulanduseplan.org/plan,Not Reported,Not Reported,State Verified,1868,CA-NT,CAN,CAN
Polygon,555651750,555651750,0,"Fort Anderson Trail Lakes (Canot Lake, Carcajou Lake, Rond Lake, Rorey Lake, Loon Lake)","Fort Anderson Trail Lakes (Canot Lake, Carcajou Lake, Rond Lake, Rorey Lake, Loon Lake)",Conservation zone in regional land use plan,Conservation zone in regional land use plan,National,Not Applicable,Not Applicable,0,0,0,217.889521,216.876051,Not Applicable,0,Designated,2013,Collaborative governance,Multiple ownership,"Indigenous Government, Government Of The Northwest Territories, Federal Government (Crown-Indigenous Relations And Northern Affairs Canada)",https://sahtulanduseplan.org/plan,Not Reported,Not Reported,State Verified,1868,CA-NT,CAN,CAN
Polygon,555651751,555651751,0,Bear Rock,Petiniʔah,Conservation zone in regional land use plan,Conservation zone in regional land use plan,National,Not Applicable,Not Applicable,0,0,0,32.849677,32.708712,Not Applicable,0,Designated,2013,Collaborative governance,Multiple ownership,"Indigenous Government, Government Of The Northwest Territories, Federal Government (Crown-Indigenous Relations And Northern Affairs Canada)",https://sahtulanduseplan.org/plan,Not Reported,Not Reported,State Verified,1868,CA-NT,CAN,CAN
Polygon,555651752,555651752,0,Turton Lake,Turton Lake,Conservation zone in regional land use plan,Conservation zone in regional land use plan,National,Not Applicable,Not Applicable,0,0,0,78.694752,78.34498,Not Applicable,0,Designated,2013,Collaborative governance,Multiple ownership,"Indigenous Government, Government Of The Northwest Territories, Federal Government (Crown-Indigenous Relations And Northern Affairs Canada)",https://sahtulanduseplan.org/plan,Not Reported,Not Reported,State Verified,1868,CA-NT,CAN,CAN
Polygon,555651753,555651753,0,Chick Lake,Chick Lake,Conservation zone in regional land use plan,Conservation zone in regional land use plan,National,Not Applicable,Not Applicable,0,0,0,36.13527,35.974275,Not Applicable,0,Designated,2013,Collaborative governance,Multiple ownership,"Indigenous Government, Government Of The Northwest Territories, Federal Government (Crown-Indigenous Relations And Northern Affairs Canada)",https://sahtulanduseplan.org/plan,Not Reported,Not Reported,State Verified,1868,CA-NT,CAN,CAN
Polygon,555651754,555651754,0,Yamoga Rock,Yamǫga Fee,Conservation zone in regional land use plan,Conservation zone in regional land use plan,National,Not Applicable,Not Applicable,0,0,0,92.186338,91.774407,Not Applicable,0,Designated,2013,Collaborative governance,State,"Indigenous Government, Government Of The Northwest Territories, Federal Government (Crown-Indigenous Relations And Northern Affairs Canada)",https://sahtulanduseplan.org/plan,Not Reported,Not Reported,State Verified,1868,CA-NT,CAN,CAN
Polygon,555651755,555651755,0,Stewart and Tate Lakes,Táhlu Tué & Táshín Tué,Conservation zone in regional land use plan,Conservation zone in regional land use plan,National,Not Applicable,Not Applicable,0,0,0,120.820114,120.312485,Not Applicable,0,Designated,2013,Collaborative governance,Multiple ownership,"Indigenous Government, Government Of The Northwest Territories, Federal Government (Crown-Indigenous Relations And Northern Affairs Canada)",https://sahtulanduseplan.org/plan,Not Reported,Not Reported,State Verified,1868,CA-NT,CAN,CAN
Polygon,555651756,555651756,0,Mio Lake,Mio Lake,Conservation zone in regional land use plan,Conservation zone in regional land use plan,National,Not Applicable,Not Applicable,0,0,0,18.912325,18.832597,Not Applicable,0,Designated,2013,Collaborative governance,Multiple ownership,"Indigenous Government, Government Of The Northwest Territories, Federal Government (Crown-Indigenous Relations And Northern Affairs Canada)",https://sahtulanduseplan.org/plan,Not Reported,Not Reported,State Verified,1868,CA-NT,CAN,CAN
Polygon,555651757,555651757,0,"Mackay, Rusty and Yellow Lakes","Mackay, Rusty and Yellow Lakes",Conservation zone in regional land use plan,Conservation zone in regional land use plan,National,Not Applicable,Not Applicable,0,0,0,17.924962,17.849117,Not Applicable,0,Designated,2013,Collaborative governance,Multiple ownership,"Indigenous Government, Government Of The Northwest Territories, Federal Government (Crown-Indigenous Relations And Northern Affairs Canada)",https://sahtulanduseplan.org/plan,Not Reported,Not Reported,State Verified,1868,CA-NT,CAN,CAN
Polygon,555651758,555651758,0,Doctor Lake,Doctor Lake,Conservation zone in regional land use plan,Conservation zone in regional land use plan,National,Not Applicable,Not Applicable,0,0,0,20.846003,20.75333,Not Applicable,0,Designated,2013,Collaborative governance,State,"Indigenous Government, Government Of The Northwest Territories, Federal Government (Crown-Indigenous Relations And Northern Affairs Canada)",https://sahtulanduseplan.org/plan,Not Reported,Not Reported,State Verified,1868,CA-NT,CAN,CAN
Polygon,555651759,555651759,0,Three Day Lake,Three Day Lake,Conservation zone in regional land use plan,Conservation zone in regional land use plan,National,Not Applicable,Not Applicable,0,0,0,32.326995,32.18711,Not Applicable,0,Designated,2013,Collaborative governance,Multiple ownership,"Indigenous Government, Government Of The Northwest Territories, Federal Government (Crown-Indigenous Relations And Northern Affairs Canada)",https://sahtulanduseplan.org/plan,Not Reported,Not Reported,State Verified,1868,CA-NT,CAN,CAN
Polygon,555651760,555651760,0,Mountain Hot Springs,Tuésene,Conservation zone in regional land use plan,Conservation zone in regional land use plan,National,Not Applicable,Not Applicable,0,0,0,74.709135,74.402317,Not Applicable,0,Designated,2013,Collaborative governance,Multiple ownership,"Indigenous Government, Government Of The Northwest Territories, Federal Government (Crown-Indigenous Relations And Northern Affairs Canada)",https://sahtulanduseplan.org/plan,Not Reported,Not Reported,State Verified,1868,CA-NT,CAN,CAN
Polygon,555651761,555651761,0,Kelly and Lennie Lake,Lugedegíl Tué & Tuyehíla Tué,Conservation zone in regional land use plan,Conservation zone in regional land use plan,National,Not Applicable,Not Applicable,0,0,0,204.68751,203.791312,Not Applicable,0,Designated,2013,Collaborative governance,Multiple ownership,"Indigenous Government, Government Of The Northwest Territories, Federal Government (Crown-Indigenous Relations And Northern Affairs Canada)",https://sahtulanduseplan.org/plan,Not Reported,Not Reported,State Verified,1868,CA-NT,CAN,CAN
Polygon,555651762,555651762,0,Sam McCrae Lake,Sam McCrae Lake,Conservation zone in regional land use plan,Conservation zone in regional land use plan,National,Not Applicable,Not Applicable,0,0,0,59.375805,59.110575,Not Applicable,0,Designated,2013,Collaborative governance,Multiple ownership,"Indigenous Government, Government Of The Northwest Territories, Federal Government (Crown-Indigenous Relations And Northern Affairs Canada)",https://sahtulanduseplan.org/plan,Not Reported,Not Reported,State Verified,1868,CA-NT,CAN,CAN
Polygon,555651763,555651763,0,Mountain River Extension,Faʔfa Nilı̨ne,Conservation zone in regional land use plan,Conservation zone in regional land use plan,National,Not Applicable,Not Applicable,0,0,0,1345.452575,1339.585127,Not Applicable,0,Designated,2013,Collaborative governance,Multiple ownership,"Indigenous Government, Government Of The Northwest Territories, Federal Government (Crown-Indigenous Relations And Northern Affairs Canada)",https://sahtulanduseplan.org/plan,Not Reported,Not Reported,State Verified,1868,CA-NT,CAN,CAN
Polygon,555651764,555651764,0,Lac Des Bois,Tashín Tué,Conservation zone in regional land use plan,Conservation zone in regional land use plan,National,Not Applicable,Not Applicable,0,0,0,529.158026,526.714216,Not Applicable,0,Designated,2013,Collaborative governance,Multiple ownership,"Indigenous Government, Government Of The Northwest Territories, Federal Government (Crown-Indigenous Relations And Northern Affairs Canada)",https://sahtulanduseplan.org/plan,Not Reported,Not Reported,State Verified,1868,CA-NT,CAN,CAN
Polygon,555651765,555651765,0,Tunago Lake,Turatlin Tué,Conservation zone in regional land use plan,Conservation zone in regional land use plan,National,Not Applicable,Not Applicable,0,0,0,119.161078,118.620901,Not Applicable,0,Designated,2013,Collaborative governance,Multiple ownership,"Indigenous Government, Government Of The Northwest Territories, Federal Government (Crown-Indigenous Relations And Northern Affairs Canada)",https://sahtulanduseplan.org/plan,Not Reported,Not Reported,State Verified,1868,CA-NT,CAN,CAN
Polygon,555651766,555651766,0,Palmer Lake,Palmer Lake,Conservation zone in regional land use plan,Conservation zone in regional land use plan,National,Not Applicable,Not Applicable,0,0,0,33.885372,33.742888,Not Applicable,0,Designated,2013,Collaborative governance,State,"Indigenous Government, Government Of The Northwest Territories, Federal Government (Crown-Indigenous Relations And Northern Affairs Canada)",https://sahtulanduseplan.org/plan,Not Reported,Not Reported,State Verified,1868,CA-NT,CAN,CAN
Polygon,555651767,555651767,0,Cache Lake,Cache Lake,Conservation zone in regional land use plan,Conservation zone in regional land use plan,National,Not Applicable,Not Applicable,0,0,0,31.615051,31.482309,Not Applicable,0,Designated,2013,Collaborative governance,State,"Indigenous Government, Government Of The Northwest Territories, Federal Government (Crown-Indigenous Relations And Northern Affairs Canada)",https://sahtulanduseplan.org/plan,Not Reported,Not Reported,State Verified,1868,CA-NT,CAN,CAN
Polygon,555651768,555651768,0,Mirage Mountain,Mirage Mountain,Conservation zone in regional land use plan,Conservation zone in regional land use plan,National,Not Applicable,Not Applicable,0,0,0,91.595908,91.220539,Not Applicable,0,Designated,2013,Collaborative governance,State,"Indigenous Government, Government Of The Northwest Territories, Federal Government (Crown-Indigenous Relations And Northern Affairs Canada)",https://sahtulanduseplan.org/plan,Not Reported,Not Reported,State Verified,1868,CA-NT,CAN,CAN
Polygon,555651769,555651769,0,Mountain Dene Land,Shúhtagot'ine Néné,Conservation zone in regional land use plan,Conservation zone in regional land use plan,National,Not Applicable,Not Applicable,0,0,0,8981.700711,8944.694029,Not Applicable,0,Designated,2013,Collaborative governance,Multiple ownership,"Indigenous Government, Government Of The Northwest Territories, Federal Government (Crown-Indigenous Relations And Northern Affairs Canada)",https://sahtulanduseplan.org/plan,Not Reported,Not Reported,State Verified,1868,CA-NT,CAN,CAN
Polygon,555651770,555651770,0,Ne'Rahten,Ne'Rahten,Conservation zone in regional land use plan,Conservation zone in regional land use plan,National,Not Applicable,Not Applicable,0,0,0,7.459189,7.425266,Not Applicable,0,Designated,2013,Collaborative governance,State,"Indigenous Government, Government Of The Northwest Territories, Federal Government (Crown-Indigenous Relations And Northern Affairs Canada)",https://sahtulanduseplan.org/plan,Not Reported,Not Reported,State Verified,1868,CA-NT,CAN,CAN
Polygon,555651771,555651771,0,Willow Lake,K'áálǫ Tué,Conservation zone in regional land use plan,Conservation zone in regional land use plan,National,Not Applicable,Not Applicable,0,0,0,245.293803,244.226503,Not Applicable,0,Designated,2013,Collaborative governance,Multiple ownership,"Indigenous Government, Government Of The Northwest Territories, Federal Government (Crown-Indigenous Relations And Northern Affairs Canada)",https://sahtulanduseplan.org/plan,Not Reported,Not Reported,State Verified,1868,CA-NT,CAN,CAN
Polygon,555651772,555651772,0,Lac a Jacques,Nǫfee K’ǫdah Tué,Conservation zone in regional land use plan,Conservation zone in regional land use plan,National,Not Applicable,Not Applicable,0,0,0,123.096102,122.541116,Not Applicable,0,Designated,2013,Collaborative governance,Multiple ownership,"Indigenous Government, Government Of The Northwest Territories, Federal Government (Crown-Indigenous Relations And Northern Affairs Canada)",https://sahtulanduseplan.org/plan,Not Reported,Not Reported,State Verified,1868,CA-NT,CAN,CAN
Polygon,555651773,555651773,0,Red Dog Mountain,Tłı̨ Dehdele Dı̨dlǫ,Conservation zone in regional land use plan,Conservation zone in regional land use plan,National,Not Applicable,Not Applicable,0,0,0,27.457749,27.343574,Not Applicable,0,Designated,2013,Collaborative governance,Multiple ownership,"Indigenous Government, Government Of The Northwest Territories, Federal Government (Crown-Indigenous Relations And Northern Affairs Canada)",https://sahtulanduseplan.org/plan,Not Reported,Not Reported,State Verified,1868,CA-NT,CAN,CAN
Polygon,555651774,555651774,0,Whitefish River,Luchaniline,Conservation zone in regional land use plan,Conservation zone in regional land use plan,National,Not Applicable,Not Applicable,0,0,0,1443.336295,1436.929033,Not Applicable,0,Designated,2013,Collaborative governance,Multiple ownership,"Indigenous Government, Government Of The Northwest Territories, Federal Government (Crown-Indigenous Relations And Northern Affairs Canada)",https://sahtulanduseplan.org/plan,Not Reported,Not Reported,State Verified,1868,CA-NT,CAN,CAN
Polygon,555651775,555651775,0,Mahoney Lake,Tuwí Tué,Conservation zone in regional land use plan,Conservation zone in regional land use plan,National,Not Applicable,Not Applicable,0,0,0,232.214747,231.194696,Not Applicable,0,Designated,2013,Collaborative governance,Multiple ownership,"Indigenous Government, Government Of The Northwest Territories, Federal Government (Crown-Indigenous Relations And Northern Affairs Canada)",https://sahtulanduseplan.org/plan,Not Reported,Not Reported,State Verified,1868,CA-NT,CAN,CAN
Polygon,555651776,555651776,0,Anderson River,Sihonilı̨ne,Conservation zone in regional land use plan,Conservation zone in regional land use plan,National,Not Applicable,Not Applicable,0,0,0,414.76081,412.803027,Not Applicable,0,Designated,2013,Collaborative governance,Multiple ownership,"Indigenous Government, Government Of The Northwest Territories, Federal Government (Crown-Indigenous Relations And Northern Affairs Canada)",https://sahtulanduseplan.org/plan,Not Reported,Not Reported,State Verified,1868,CA-NT,CAN,CAN
Polygon,555651777,555651777,0,Aubrey Dunedelatue,Tué Sho & Dunedelatue,Conservation zone in regional land use plan,Conservation zone in regional land use plan,National,Not Applicable,Not Applicable,0,0,0,665.023123,661.882116,Not Applicable,0,Designated,2013,Collaborative governance,Multiple ownership,"Indigenous Government, Government Of The Northwest Territories, Federal Government (Crown-Indigenous Relations And Northern Affairs Canada)",https://sahtulanduseplan.org/plan,Not Reported,Not Reported,State Verified,1868,CA-NT,CAN,CAN
Polygon,555651778,555651778,0,Johnny Hoe River,Tehkaıcho Dé,Conservation zone in regional land use plan,Conservation zone in regional land use plan,National,Not Applicable,Not Applicable,0,0,0,4140.581228,4123.328645,Not Applicable,0,Designated,2013,Collaborative governance,Multiple ownership,"Indigenous Government, Government Of The Northwest Territories, Federal Government (Crown-Indigenous Relations And Northern Affairs Canada)",https://sahtulanduseplan.org/plan,Not Reported,Not Reported,State Verified,1868,CA-NT,CAN,CAN
Polygon,555651779,555651779,0,Maunoir Dome,Ayonikı̨,Conservation zone in regional land use plan,Conservation zone in regional land use plan,National,Not Applicable,Not Applicable,0,0,0,551.726059,549.110519,Not Applicable,0,Designated,2013,Collaborative governance,Multiple ownership,"Indigenous Government, Government Of The Northwest Territories, Federal Government (Crown-Indigenous Relations And Northern Affairs Canada)",https://sahtulanduseplan.org/plan,Not Reported,Not Reported,State Verified,1868,CA-NT,CAN,CAN
Polygon,555651780,555651780,0,Oscar Lake,Datzimi Tué,Conservation zone in regional land use plan,Conservation zone in regional land use plan,National,Not Applicable,Not Applicable,0,0,0,70.246825,69.938698,Not Applicable,0,Designated,2013,Collaborative governance,Multiple ownership,"Indigenous Government, Government Of The Northwest Territories, Federal Government (Crown-Indigenous Relations And Northern Affairs Canada)",https://sahtulanduseplan.org/plan,Not Reported,Not Reported,State Verified,1868,CA-NT,CAN,CAN
Polygon,555651781,555651781,0,Lac Belot,Nilı̨n Tué,Conservation zone in regional land use plan,Conservation zone in regional land use plan,National,Not Applicable,Not Applicable,0,0,0,414.676739,412.753757,Not Applicable,0,Designated,2013,Collaborative governance,Multiple ownership,"Indigenous Government, Government Of The Northwest Territories, Federal Government (Crown-Indigenous Relations And Northern Affairs Canada)",https://sahtulanduseplan.org/plan,Not Reported,Not Reported,State Verified,1868,CA-NT,CAN,CAN
Polygon,555651782,555651782,0,Florence Lake,Florence Lake,Conservation zone in regional land use plan,Conservation zone in regional land use plan,National,Not Applicable,Not Applicable,0,0,0,56.883197,56.642725,Not Applicable,0,Designated,2013,Collaborative governance,Multiple ownership,"Indigenous Government, Government Of The Northwest Territories, Federal Government (Crown-Indigenous Relations And Northern Affairs Canada)",https://sahtulanduseplan.org/plan,Not Reported,Not Reported,State Verified,1868,CA-NT,CAN,CAN
Polygon,555651783,555651783,0,Fossil Lake,Fossil Lake,Conservation zone in regional land use plan,Conservation zone in regional land use plan,National,Not Applicable,Not Applicable,0,0,0,184.214161,183.378628,Not Applicable,0,Designated,2013,Collaborative governance,Multiple ownership,"Indigenous Government, Government Of The Northwest Territories, Federal Government (Crown-Indigenous Relations And Northern Affairs Canada)",https://sahtulanduseplan.org/plan,Not Reported,Not Reported,State Verified,1868,CA-NT,CAN,CAN
Polygon,555651784,555651784,0,Sentinel Islands,Du K'ets'edı,Conservation zone in regional land use plan,Conservation zone in regional land use plan,National,Not Applicable,Not Applicable,0,0,0,251.502461,250.376823,Not Applicable,0,Designated,2013,Collaborative governance,State,"Indigenous Government, Government Of The Northwest Territories, Federal Government (Crown-Indigenous Relations And Northern Affairs Canada)",https://sahtulanduseplan.org/plan,Not Reported,Not Reported,State Verified,1868,CA-NT,CAN,CAN
Polygon,555651785,555651785,0,Dene Di Gon'e,Dene Di Gon'e,Conservation zone in regional land use plan,Conservation zone in regional land use plan,National,Not Applicable,Not Applicable,0,0,0,12.453232,12.394602,Not Applicable,0,Designated,2013,Collaborative governance,Multiple ownership,"Indigenous Government, Government Of The Northwest Territories, Federal Government (Crown-Indigenous Relations And Northern Affairs Canada)",https://sahtulanduseplan.org/plan,Not Reported,Not Reported,State Verified,1868,CA-NT,CAN,CAN
Polygon,555651786,555651786,0,Where the Wolf Crosses,Bela Nera Dele,Conservation zone in regional land use plan,Conservation zone in regional land use plan,National,Not Applicable,Not Applicable,0,0,0,2.82236,2.808788,Not Applicable,0,Designated,2013,Collaborative governance,State,"Indigenous Government, Government Of The Northwest Territories, Federal Government (Crown-Indigenous Relations And Northern Affairs Canada)",https://sahtulanduseplan.org/plan,Not Reported,Not Reported,State Verified,1868,CA-NT,CAN,CAN
Polygon,555651787,555651787,0,Mackenzie River Islands,Mackenzie River Islands,Conservation zone in regional land use plan,Conservation zone in regional land use plan,National,Not Applicable,Not Applicable,0,0,0,58.9579,58.69196,Not Applicable,0,Designated,2013,Collaborative governance,Multiple ownership,"Indigenous Government, Government Of The Northwest Territories, Federal Government (Crown-Indigenous Relations And Northern Affairs Canada)",https://sahtulanduseplan.org/plan,Not Reported,Not Reported,State Verified,1868,CA-NT,CAN,CAN
Polygon,555651796,555651796,0,8-Mile,Nataıınlaıı,Heritage Conservation Zone in regional land use plan,Heritage Conservation Zone in regional land use plan,National,Not Applicable,Not Applicable,0,0,0,1.555127,1.547817,Not Applicable,0,Designated,2003,Collaborative governance,Multiple ownership,"Indigenous Government, Government Of The Northwest Territories, Federal Government (Crown-Indigenous Relations And Northern Affairs Canada)",https://www.gwichinplanning.nt.ca/landUsePlan.html,Not Reported,Not Reported,State Verified,1868,CA-NT,CAN,CAN
Polygon,555651797,555651797,0,Big Rock,Nıchı̀ıtsı̀ı dı̀nıınlee,Heritage Conservation Zone in regional land use plan,Heritage Conservation Zone in regional land use plan,National,Not Applicable,Not Applicable,0,0,0,2.043686,2.033843,Not Applicable,0,Designated,2003,Collaborative governance,Multiple ownership,"Indigenous Government, Government Of The Northwest Territories, Federal Government (Crown-Indigenous Relations And Northern Affairs Canada)",https://www.gwichinplanning.nt.ca/landUsePlan.html,Not Reported,Not Reported,State Verified,1868,CA-NT,CAN,CAN
Polygon,555651798,555651798,0,Earl's Place,Łenaiidlaı̨ı̨,Heritage Conservation Zone in regional land use plan,Heritage Conservation Zone in regional land use plan,National,Not Applicable,Not Applicable,0,0,0,1.520375,1.513214,Not Applicable,0,Designated,2003,Collaborative governance,Multiple ownership,"Indigenous Government, Government Of The Northwest Territories, Federal Government (Crown-Indigenous Relations And Northern Affairs Canada)",https://www.gwichinplanning.nt.ca/landUsePlan.html,Not Reported,Not Reported,State Verified,1868,CA-NT,CAN,CAN
Polygon,555651799,555651799,0,Jackfish Creek,Eltyın choo chıhvyàh k’yıt,Heritage Conservation Zone in regional land use plan,Heritage Conservation Zone in regional land use plan,National,Not Applicable,Not Applicable,0,0,0,51.814233,51.568245,Not Applicable,0,Designated,2003,Collaborative governance,Multiple ownership,"Indigenous Government, Government Of The Northwest Territories, Federal Government (Crown-Indigenous Relations And Northern Affairs Canada)",https://www.gwichinplanning.nt.ca/landUsePlan.html,Not Reported,Not Reported,State Verified,1868,CA-NT,CAN,CAN
Polygon,555651800,555651800,0,Many Scrapers,Dèedd hoo gòonlıı,Heritage Conservation Zone in regional land use plan,Heritage Conservation Zone in regional land use plan,National,Not Applicable,Not Applicable,0,0,0,3.074124,3.059895,Not Applicable,0,Designated,2003,Collaborative governance,Multiple ownership,"Indigenous Government, Government Of The Northwest Territories, Federal Government (Crown-Indigenous Relations And Northern Affairs Canada)",https://www.gwichinplanning.nt.ca/landUsePlan.html,Not Reported,Not Reported,State Verified,1868,CA-NT,CAN,CAN
Polygon,555651801,555651801,0,Martin House,Martın Zheh,Heritage Conservation Zone in regional land use plan,Heritage Conservation Zone in regional land use plan,National,Not Applicable,Not Applicable,0,0,0,8.686041,8.647354,Not Applicable,0,Designated,2003,Collaborative governance,Multiple ownership,"Indigenous Government, Government Of The Northwest Territories, Federal Government (Crown-Indigenous Relations And Northern Affairs Canada)",https://www.gwichinplanning.nt.ca/landUsePlan.html,Not Reported,Not Reported,State Verified,1868,CA-NT,CAN,CAN
Polygon,555651802,555651802,0,Mouth of the Peel,Nagwichoo tshik,Heritage Conservation Zone in regional land use plan,Heritage Conservation Zone in regional land use plan,National,Not Applicable,Not Applicable,0,0,0,0.99441,0.989748,Not Applicable,0,Designated,2003,Collaborative governance,Multiple ownership,"Indigenous Government, Government Of The Northwest Territories, Federal Government (Crown-Indigenous Relations And Northern Affairs Canada)",https://www.gwichinplanning.nt.ca/landUsePlan.html,Not Reported,Not Reported,State Verified,1868,CA-NT,CAN,CAN
Polygon,555651803,555651803,0,Old Arctic Red River,Teetshık goghaa,Heritage Conservation Zone in regional land use plan,Heritage Conservation Zone in regional land use plan,National,Not Applicable,Not Applicable,0,0,0,2.139132,2.12895,Not Applicable,0,Designated,2003,Collaborative governance,Multiple ownership,"Indigenous Government, Government Of The Northwest Territories, Federal Government (Crown-Indigenous Relations And Northern Affairs Canada)",https://www.gwichinplanning.nt.ca/landUsePlan.html,Not Reported,Not Reported,State Verified,1868,CA-NT,CAN,CAN
Polygon,555651804,555651804,0,Shiltie Rock,Shı̀łdıı,Heritage Conservation Zone in regional land use plan,Heritage Conservation Zone in regional land use plan,National,Not Applicable,Not Applicable,0,0,0,0.702323,0.699011,Not Applicable,0,Designated,2003,Collaborative governance,Multiple ownership,"Indigenous Government, Government Of The Northwest Territories, Federal Government (Crown-Indigenous Relations And Northern Affairs Canada)",https://www.gwichinplanning.nt.ca/landUsePlan.html,Not Reported,Not Reported,State Verified,1868,CA-NT,CAN,CAN
Polygon,555651805,555651805,0,Thunder River,Vıhtr’ıı tshık,Heritage Conservation Zone in regional land use plan,Heritage Conservation Zone in regional land use plan,National,Not Applicable,Not Applicable,0,0,0,8.943761,8.901356,Not Applicable,0,Designated,2003,Collaborative governance,Multiple ownership,"Indigenous Government, Government Of The Northwest Territories, Federal Government (Crown-Indigenous Relations And Northern Affairs Canada)",https://www.gwichinplanning.nt.ca/landUsePlan.html,Not Reported,Not Reported,State Verified,1868,CA-NT,CAN,CAN
Polygon,555651806,555651806,0,Tl'oondih,Tł’oondıh,Heritage Conservation Zone in regional land use plan,Heritage Conservation Zone in regional land use plan,National,Not Applicable,Not Applicable,0,0,0,20.108326,20.014999,Not Applicable,0,Designated,2003,Collaborative governance,Multiple ownership,"Indigenous Government, Government Of The Northwest Territories, Federal Government (Crown-Indigenous Relations And Northern Affairs Canada)",https://www.gwichinplanning.nt.ca/landUsePlan.html,Not Reported,Not Reported,State Verified,1868,CA-NT,CAN,CAN
Polygon,555651807,555651807,0,Destruction City,Tr’ ıh zhıt tagwehdıı,Heritage Conservation Zone in regional land use plan,Heritage Conservation Zone in regional land use plan,National,Not Applicable,Not Applicable,0,0,0,0.484968,0.482664,Not Applicable,0,Designated,2003,Collaborative governance,Multiple ownership,"Indigenous Government, Government Of The Northwest Territories, Federal Government (Crown-Indigenous Relations And Northern Affairs Canada)",https://www.gwichinplanning.nt.ca/landUsePlan.html,Not Reported,Not Reported,State Verified,1868,CA-NT,CAN,CAN
Polygon,555651808,555651808,0,"Travaillant Lake, Mackenzie and Tree Rivers","Khaii luk, Nagwichoonjik ⁄ Dachan choo gehnjik",Conservation zone in regional land use plan,Conservation zone in regional land use plan,National,Not Applicable,Not Applicable,0,0,0,2291.828599,2280.811943,Not Applicable,0,Designated,2003,Collaborative governance,Multiple ownership,"Indigenous Government, Government Of The Northwest Territories, Federal Government (Crown-Indigenous Relations And Northern Affairs Canada)",https://www.gwichinplanning.nt.ca/landUsePlan.html,Not Reported,Not Reported,State Verified,1868,CA-NT,CAN,CAN
Polygon,555651809,555651809,0,"Rat River, Husky River, Black Mountain","Ddhah zhit han, Eneekaii han, Chii gwaazraii",Conservation zone in regional land use plan,Conservation zone in regional land use plan,National,Not Applicable,Not Applicable,0,0,0,2884.08961,2870.651909,Not Applicable,0,Designated,2003,Collaborative governance,Multiple ownership,"Indigenous Government, Government Of The Northwest Territories, Federal Government (Crown-Indigenous Relations And Northern Affairs Canada)",https://www.gwichinplanning.nt.ca/landUsePlan.html,Not Reported,Not Reported,State Verified,1868,CA-NT,CAN,CAN
Polygon,555651810,555651810,0,James Creek and Vittrekwa River,Dachan dha’aii njik ⁄ Vitreekwaa viteetshik,Conservation zone in regional land use plan,Conservation zone in regional land use plan,National,Not Applicable,Not Applicable,0,0,0,434.553258,432.536299,Not Applicable,0,Designated,2003,Collaborative governance,State,"Indigenous Government, Government Of The Northwest Territories, Federal Government (Crown-Indigenous Relations And Northern Affairs Canada)",https://www.gwichinplanning.nt.ca/landUsePlan.html,Not Reported,Not Reported,State Verified,1868,CA-NT,CAN,CAN
Polygon,555651811,555651811,0,Bernard Creek,Hehnjuu deetł ’yah tshık,Heritage Conservation Zone in regional land use plan,Heritage Conservation Zone in regional land use plan,National,Not Applicable,Not Applicable,0,0,0,35.004882,34.843646,Not Applicable,0,Designated,2003,Collaborative governance,Multiple ownership,"Indigenous Government, Government Of The Northwest Territories, Federal Government (Crown-Indigenous Relations And Northern Affairs Canada)",https://www.gwichinplanning.nt.ca/landUsePlan.html,Not Reported,Not Reported,State Verified,1868,CA-NT,CAN,CAN
Polygon,555651812,555651812,0,Arctic Red River Spawning Ground,Tsiigehnjik,Conservation zone in regional land use plan,Conservation zone in regional land use plan,National,Not Applicable,Not Applicable,0,0,0,195.999788,195.048203,Not Applicable,0,Designated,2003,Collaborative governance,Multiple ownership,"Indigenous Government, Government Of The Northwest Territories, Federal Government (Crown-Indigenous Relations And Northern Affairs Canada)",https://www.gwichinplanning.nt.ca/landUsePlan.html,Not Reported,Not Reported,State Verified,1868,CA-NT,CAN,CAN
Polygon,555651720,555651720,0,Lobster Area Closure (Shoal Point),Lobster Area Closure (Shoal Point),Other Effective Area-Based Conservation Measure,Other Effective Area-Based Conservation Measure,National,Not Applicable,Not Applicable,0,0.647165,0.027217,0.647165,0.64652,Not Applicable,0,Designated,1998,Federal or national ministry or agency,State,Fisheries and Oceans Canada,http://www.dfo-mpo.gc.ca/oceans/oeabcm-amcepz/refuges/lobster-homard-eng.html,Not Reported,Not Reported,State Verified,1868,Not Reported,CAN,CAN
Polygon,555651721,555651721,0,Lobster Area Closure (Gander Bay),Lobster Area Closure (Gander Bay),Other Effective Area-Based Conservation Measure,Other Effective Area-Based Conservation Measure,National,Not Applicable,Not Applicable,2,76.361211,71.141181,76.361211,76.27994,Not Reported,0,Designated,1998,Federal or national ministry or agency,State,Fisheries and Oceans Canada,http://www.dfo-mpo.gc.ca/oceans/oeabcm-amcepz/refuges/lobster-homard-eng.html,Not Reported,Not Reported,State Verified,1868,Not Reported,CAN,CAN
Polygon,555651722,555651722,0,Lobster Area Closure (Trout River),Lobster Area Closure (Trout River),Other Effective Area-Based Conservation Measure,Other Effective Area-Based Conservation Measure,National,Not Applicable,Not Applicable,1,0.649759,0.368209,0.649759,0.649061,Not Reported,0,Designated,2002,Federal or national ministry or agency,State,Fisheries and Oceans Canada,http://www.dfo-mpo.gc.ca/oceans/oeabcm-amcepz/refuges/lobster-homard-eng.html,Not Reported,Not Reported,State Verified,1868,Not Reported,CAN,CAN
Polygon,555651723,555651723,0,Lobster Area Closure (Mouse Island),Lobster Area Closure (Mouse Island),Other Effective Area-Based Conservation Measure,Other Effective Area-Based Conservation Measure,National,Not Applicable,Not Applicable,1,0.377707,0.327531,0.377707,0.377321,Not Reported,0,Designated,2004,Federal or national ministry or agency,State,Fisheries and Oceans Canada,http://www.dfo-mpo.gc.ca/oceans/oeabcm-amcepz/refuges/lobster-homard-eng.html,Not Reported,Not Reported,State Verified,1868,Not Reported,CAN,CAN
Polygon,555651724,555651724,0,Lobster Area Closure (Glovers Harbour),Lobster Area Closure (Glovers Harbour),Other Effective Area-Based Conservation Measure,Other Effective Area-Based Conservation Measure,National,Not Applicable,Not Applicable,1,0.862434,0.565931,0.862434,0.861545,Not Reported,0,Designated,2004,Federal or national ministry or agency,State,Fisheries and Oceans Canada,http://www.dfo-mpo.gc.ca/oceans/oeabcm-amcepz/refuges/lobster-homard-eng.html,Not Reported,Not Reported,State Verified,1868,Not Reported,CAN,CAN
Polygon,555651725,555651725,0,Lobster Area Closure (Gooseberry Island),Lobster Area Closure (Gooseberry Island),Other Effective Area-Based Conservation Measure,Other Effective Area-Based Conservation Measure,National,Not Applicable,Not Applicable,2,0.028277,0.028257,0.028277,0.028257,Not Reported,0,Designated,1996,Federal or national ministry or agency,State,Fisheries and Oceans Canada,http://www.dfo-mpo.gc.ca/oceans/oeabcm-amcepz/refuges/lobster-homard-eng.html,Not Reported,Not Reported,State Verified,1868,Not Reported,CAN,CAN
Polygon,555651726,555651726,0,Lobster Area Closure (Penguin Islands),Lobster Area Closure (Penguin Islands),Other Effective Area-Based Conservation Measure,Other Effective Area-Based Conservation Measure,National,Not Applicable,Not Applicable,2,15.525385,15.516933,15.525385,15.516933,Not Reported,0,Designated,2004,Federal or national ministry or agency,State,Fisheries and Oceans Canada,http://www.dfo-mpo.gc.ca/oceans/oeabcm-amcepz/refuges/lobster-homard-eng.html,Not Reported,Not Reported,State Verified,1868,Not Reported,CAN,CAN
Polygon,555651736,555651736,0,Bay of Islands Salmon Migration Closure,Bay of Islands Salmon Migration Closure,Other Effective Area-Based Conservation Measure,Other Effective Area-Based Conservation Measure,National,Not Applicable,Not Applicable,2,217.4571,197.349117,217.4571,217.215223,Not Reported,0,Designated,1981,Federal or national ministry or agency,State,Fisheries and Oceans Canada,http://www.dfo-mpo.gc.ca/oceans/oeabcm-amcepz/refuges/salmon-saumon-eng.html,Not Reported,Not Reported,State Verified,1868,Not Reported,CAN,CAN
Polygon,555651684,555651684,0,Beaugé Bank Sponge Conservation Area,Beaugé Bank Sponge Conservation Area,Other Effective Area-Based Conservation Measure,Other Effective Area-Based Conservation Measure,National,Not Applicable,Not Applicable,2,214.557057,214.103061,214.557057,214.103061,Not Reported,0,Designated,2017,Federal or national ministry or agency,State,Fisheries and Oceans Canada,http://www.dfo-mpo.gc.ca/oceans/oeabcm-amcepz/refuges/beaugebank-bancbeauge-eng.html,Not Reported,Not Reported,State Verified,1868,Not Reported,CAN,CAN
Polygon,555651711,555651711,0,Central Gulf Of St. Lawrence Coral Conservation Area,Central Gulf Of St. Lawrence Coral Conservation Area,Other Effective Area-Based Conservation Measure,Other Effective Area-Based Conservation Measure,National,Not Applicable,Not Applicable,2,1284.180757,1281.524505,1284.180757,1281.524505,Not Reported,0,Designated,2017,Federal or national ministry or agency,State,Fisheries and Oceans Canada,http://www.dfo-mpo.gc.ca/oceans/oeabcm-amcepz/refuges/gsl-central-centre-eng.html,Not Reported,Not Reported,State Verified,1868,Not Reported,CAN,CAN
Polygon,555651687,555651687,0,Corsair and Georges Canyons Conservation Area (Restricted Bottom Fisheries Zone),Corsair and Georges Canyons Conservation Area (Restricted Bottom Fisheries Zone),Other Effective Area-Based Conservation Measure,Other Effective Area-Based Conservation Measure,National,Not Applicable,Not Applicable,2,8797.329844,8569.976169,8797.329844,8795.716125,Not Reported,0,Designated,2016,Federal or national ministry or agency,State,Fisheries and Oceans Canada,http://www.dfo-mpo.gc.ca/oceans/oeabcm-amcepz/refuges/corsair-eng.html,Not Reported,Not Reported,State Verified,1868,Not Reported,CAN,CAN
Polygon,555651686,555651686,0,Division 3O Coral closure,Division 3O Coral closure,Other Effective Area-Based Conservation Measure,Other Effective Area-Based Conservation Measure,National,Not Applicable,Not Applicable,2,10421.6241,10344.77312,10421.6241,10460.93056,Not Reported,0,Designated,2007,Federal or national ministry or agency,State,Fisheries and Oceans Canada,http://www.dfo-mpo.gc.ca/oceans/oeabcm-amcepz/refuges/coral-coraux-eng.html,Not Reported,Not Reported,State Verified,1868,Not Reported,CAN,CAN
Polygon,555651682,555651682,0,East of Anticosti Island Sponge Conservation Area,East of Anticosti Island Sponge Conservation Area,Other Effective Area-Based Conservation Measure,Other Effective Area-Based Conservation Measure,National,Not Applicable,Not Applicable,2,939.439365,940.321771,939.439365,940.321771,Not Reported,0,Designated,2017,Federal or national ministry or agency,State,Fisheries and Oceans Canada,http://www.dfo-mpo.gc.ca/oceans/oeabcm-amcepz/refuges/anticosti-east-est-eng.html,Not Reported,Not Reported,State Verified,1868,Not Reported,CAN,CAN
Polygon,555651712,555651712,0,Eastern Gulf Of St. Lawrence Coral Conservation Area,Eastern Gulf Of St. Lawrence Coral Conservation Area,Other Effective Area-Based Conservation Measure,Other Effective Area-Based Conservation Measure,National,Not Applicable,Not Applicable,2,422.528817,422.579211,422.528817,422.579211,Not Reported,0,Designated,2017,Federal or national ministry or agency,State,Fisheries and Oceans Canada,http://www.dfo-mpo.gc.ca/oceans/oeabcm-amcepz/refuges/gsl-eastern-est-eng.html,Not Reported,Not Reported,State Verified,1868,Not Reported,CAN,CAN
Polygon,555651715,555651715,0,Eastern Honguedo Strait Coral And Sponge Conservation Area,Eastern Honguedo Strait Coral And Sponge Conservation Area,Other Effective Area-Based Conservation Measure,Other Effective Area-Based Conservation Measure,National,Not Applicable,Not Applicable,2,2337.9912,2326.263706,2337.9912,2326.263706,Not Reported,0,Designated,2017,Federal or national ministry or agency,State,Fisheries and Oceans Canada,http://www.dfo-mpo.gc.ca/oceans/oeabcm-amcepz/refuges/honguedo-eastern-est-eng.html,Not Reported,Not Reported,State Verified,1868,Not Reported,CAN,CAN
Polygon,555651691,555651691,0,Sambro Bank Sponge Conservation Area,Sambro Bank Sponge Conservation Area,Other Effective Area-Based Conservation Measure,Other Effective Area-Based Conservation Measure,National,Not Applicable,Not Applicable,2,62.532352,62.557558,62.532352,62.557558,Not Reported,0,Designated,2013,Federal or national ministry or agency,State,Fisheries and Oceans Canada,http://www.dfo-mpo.gc.ca/oceans/oeabcm-amcepz/refuges/emerald-emeraude-eng.html,Not Reported,Not Reported,State Verified,1868,Not Reported,CAN,CAN
Polygon,555651692,555651692,0,Emerald Basin Sponge Conservation Area,Emerald Basin Sponge Conservation Area,Other Effective Area-Based Conservation Measure,Other Effective Area-Based Conservation Measure,National,Not Applicable,Not Applicable,2,197.062935,197.078192,197.062935,197.078192,Not Reported,0,Designated,2013,Federal or national ministry or agency,State,Fisheries and Oceans Canada,http://www.dfo-mpo.gc.ca/oceans/oeabcm-amcepz/refuges/emerald-emeraude-eng.html,Not Reported,Not Reported,State Verified,1868,Not Reported,CAN,CAN
Polygon,555651718,555651718,0,Jacques-Cartier Strait Sponge Conservation Area,Jacques-Cartier Strait Sponge Conservation Area,Other Effective Area-Based Conservation Measure,Other Effective Area-Based Conservation Measure,National,Not Applicable,Not Applicable,2,345.506813,345.109202,345.506813,345.109202,Not Reported,0,Designated,2017,Federal or national ministry or agency,State,Fisheries and Oceans Canada,http://www.dfo-mpo.gc.ca/oceans/oeabcm-amcepz/refuges/jacques-cartier-eng.html,Not Reported,Not Reported,State Verified,1868,Not Reported,CAN,CAN
Polygon,555651719,555651719,0,Jordan Basin Conservation Area,Jordan Basin Conservation Area,Other Effective Area-Based Conservation Measure,Other Effective Area-Based Conservation Measure,National,Not Applicable,Not Applicable,2,48.824841,48.85088,48.824841,48.85088,Not Reported,0,Designated,2016,Federal or national ministry or agency,State,Fisheries and Oceans Canada,http://www.dfo-mpo.gc.ca/oceans/oeabcm-amcepz/refuges/jordan-eng.html,Not Reported,Not Reported,State Verified,1868,Not Reported,CAN,CAN
Polygon,555651689,555651689,0,"Les Demoiselles nursery (Plaisance Bay), Magdalen Islands Closure","Les Demoiselles nursery (Plaisance Bay), Magdalen Islands Closure",Other Effective Area-Based Conservation Measure,Other Effective Area-Based Conservation Measure,National,Not Applicable,Not Applicable,1,0.332198,0.078234,0.332198,0.33202,Not Reported,0,Designated,2016,Federal or national ministry or agency,State,Fisheries and Oceans Canada,http://www.dfo-mpo.gc.ca/oceans/oeabcm-amcepz/refuges/demoiselles-eng.html,Not Reported,Not Reported,State Verified,1868,Not Reported,CAN,CAN
Polygon,555651727,555651727,0,Lophelia Coral Conservation Area,Lophelia Coral Conservation Area,Other Effective Area-Based Conservation Measure,Other Effective Area-Based Conservation Measure,National,Not Applicable,Not Applicable,2,14.72379,14.726369,14.72379,14.726369,Not Reported,0,Designated,2003,Federal or national ministry or agency,State,Fisheries and Oceans Canada,http://www.dfo-mpo.gc.ca/oceans/oeabcm-amcepz/refuges/lophelia-eng.html,Not Reported,Not Reported,State Verified,1868,Not Reported,CAN,CAN
Polygon,555651728,555651728,0,Magdalen Islands Lagoons Closures (6 Overlapping Closures),Magdalen Islands Lagoons Closures (6 Overlapping Closures),Other Effective Area-Based Conservation Measure,Other Effective Area-Based Conservation Measure,National,Not Applicable,Not Applicable,1,135.55481,119.317549,135.55481,135.477594,Not Reported,0,Designated,2014,Federal or national ministry or agency,State,Fisheries and Oceans Canada,http://www.dfo-mpo.gc.ca/oceans/oeabcm-amcepz/refuges/magdalen-madeleine-eng.html,Not Reported,Not Reported,State Verified,1868,Not Reported,CAN,CAN
Polygon,555651730,555651730,0,Miramichi Bay Closure,Miramichi Bay Closure,Other Effective Area-Based Conservation Measure,Other Effective Area-Based Conservation Measure,National,Not Applicable,Not Applicable,2,1552.689127,1483.004954,1552.689127,1550.997231,Not Reported,0,Designated,1986,Federal or national ministry or agency,State,Fisheries and Oceans Canada,http://www.dfo-mpo.gc.ca/oceans/oeabcm-amcepz/refuges/miramichi-eng.html,Not Reported,Not Reported,State Verified,1868,Not Reported,CAN,CAN
Polygon,555651685,555651685,0,North Of Bennett Bank Coral Conservation Area,North Of Bennett Bank Coral Conservation Area,Other Effective Area-Based Conservation Measure,Other Effective Area-Based Conservation Measure,National,Not Applicable,Not Applicable,2,821.142941,819.961594,821.142941,819.961594,Not Reported,0,Designated,2017,Federal or national ministry or agency,State,Fisheries and Oceans Canada,http://www.dfo-mpo.gc.ca/oceans/oeabcm-amcepz/refuges/bennettbanknorth-nordbancbennett-eng.html,Not Reported,Not Reported,State Verified,1868,Not Reported,CAN,CAN
Polygon,555651731,555651731,0,Northeast Channel Coral Conservation Area (Restricted Bottom Fisheries Zone),Northeast Channel Coral Conservation Area (Restricted Bottom Fisheries Zone),Other Effective Area-Based Conservation Measure,Other Effective Area-Based Conservation Measure,National,Not Applicable,Not Applicable,2,390.898886,391.147348,390.898886,391.147348,Not Reported,0,Designated,2002,Federal or national ministry or agency,State,Fisheries and Oceans Canada,http://www.dfo-mpo.gc.ca/oceans/oeabcm-amcepz/refuges/northeast-nordest-eng.html,Not Reported,Not Reported,State Verified,1868,Not Reported,CAN,CAN
Polygon,555651733,555651733,0,Offshore Pacific Seamounts And Vents Closure,Offshore Pacific Seamounts And Vents Closure,Other Effective Area-Based Conservation Measure,Other Effective Area-Based Conservation Measure,National,Not Applicable,Not Applicable,2,82530.13658,82419.45536,82530.13658,82420.11086,Not Reported,0,Designated,2017,Federal or national ministry or agency,State,Fisheries and Oceans Canada,http://www.dfo-mpo.gc.ca/oceans/oeabcm-amcepz/refuges/offshore-hauturiere-eng.html,Not Reported,Not Reported,State Verified,1868,Not Reported,CAN,CAN
Polygon,555651734,555651734,0,Parent Bank Sponge Conservation Area,Parent Bank Sponge Conservation Area,Other Effective Area-Based Conservation Measure,Other Effective Area-Based Conservation Measure,National,Not Applicable,Not Applicable,2,529.640971,530.242665,529.640971,530.242665,Not Reported,0,Designated,2017,Federal or national ministry or agency,State,Fisheries and Oceans Canada,http://www.dfo-mpo.gc.ca/oceans/oeabcm-amcepz/refuges/parentbank-bancparent-eng.html,Not Reported,Not Reported,State Verified,1868,Not Reported,CAN,CAN
Polygon,555651735,555651735,0,Saguenay Fjord Upstream Closure,Saguenay Fjord Upstream Closure,Other Effective Area-Based Conservation Measure,Other Effective Area-Based Conservation Measure,National,Not Applicable,Not Applicable,0,108.500527,0,108.500527,108.415758,Not Applicable,0,Designated,1985,Federal or national ministry or agency,State,Fisheries and Oceans Canada,http://www.dfo-mpo.gc.ca/oceans/oeabcm-amcepz/refuges/saguenay-eng.html,Not Reported,Not Reported,State Verified,1868,Not Reported,CAN,CAN
Polygon,555651737,555651737,0,Scallop Buffer Zone (SFA 21),Scallop Buffer Zone (SFA 21),Other Effective Area-Based Conservation Measure,Other Effective Area-Based Conservation Measure,National,Not Applicable,Not Applicable,2,729.090271,676.53783,729.090271,728.453864,Not Reported,0,Designated,2013,Federal or national ministry or agency,State,Fisheries and Oceans Canada,http://www.dfo-mpo.gc.ca/oceans/oeabcm-amcepz/refuges/sfa-zpp-eng.html,Not Reported,Not Reported,State Verified,1868,Not Reported,CAN,CAN
Polygon,555651738,555651738,0,Scallop Buffer Zone (SFA 22),Scallop Buffer Zone (SFA 22),Other Effective Area-Based Conservation Measure,Other Effective Area-Based Conservation Measure,National,Not Applicable,Not Applicable,2,2816.15271,2653.565282,2816.15271,2814.760853,Not Reported,0,Designated,2005,Federal or national ministry or agency,State,Fisheries and Oceans Canada,http://www.dfo-mpo.gc.ca/oceans/oeabcm-amcepz/refuges/sfa-zpp-eng.html,Not Reported,Not Reported,State Verified,1868,Not Reported,CAN,CAN
Polygon,555651739,555651739,0,Scallop Buffer Zone (SFA 24),Scallop Buffer Zone (SFA 24),Other Effective Area-Based Conservation Measure,Other Effective Area-Based Conservation Measure,National,Not Applicable,Not Applicable,2,2322.176022,2111.641024,2322.176022,2323.37232,Not Reported,0,Designated,1999,Federal or national ministry or agency,State,Fisheries and Oceans Canada,http://www.dfo-mpo.gc.ca/oceans/oeabcm-amcepz/refuges/sfa-zpp-eng.html,Not Reported,Not Reported,State Verified,1868,Not Reported,CAN,CAN
Polygon,555651729,555651729,0,Slope Of Magdalen Shallows Coral Conservation Area,Slope Of Magdalen Shallows Coral Conservation Area,Other Effective Area-Based Conservation Measure,Other Effective Area-Based Conservation Measure,National,Not Applicable,Not Applicable,2,334.819906,334.495999,334.819906,334.495999,Not Reported,0,Designated,2017,Federal or national ministry or agency,State,Fisheries and Oceans Canada,http://www.dfo-mpo.gc.ca/oceans/oeabcm-amcepz/refuges/magdalenshallows-madeleineplateau-eng.html,Not Reported,Not Reported,State Verified,1868,Not Reported,CAN,CAN
Polygon,555651683,555651683,0,South-East Of Anticosti Island Sponge Conservation Area,South-East Of Anticosti Island Sponge Conservation Area,Other Effective Area-Based Conservation Measure,Other Effective Area-Based Conservation Measure,National,Not Applicable,Not Applicable,2,845.298067,844.577181,845.298067,844.577181,Not Reported,0,Designated,2017,Federal or national ministry or agency,State,Fisheries and Oceans Canada,http://www.dfo-mpo.gc.ca/oceans/oeabcm-amcepz/refuges/anticosti-southeast-sudest-eng.html,Not Reported,Not Reported,State Verified,1868,Not Reported,CAN,CAN
Polygon,555651694,555651694,0,Strait Of Georgia And Howe Sound Glass Sponge Reef closure (Anvil Island),Strait Of Georgia And Howe Sound Glass Sponge Reef closure (Anvil Island),Other Effective Area-Based Conservation Measure,Other Effective Area-Based Conservation Measure,National,Not Applicable,Not Applicable,2,0.481456,0.480947,0.481456,0.480947,Not Reported,0,Designated,2019,Federal or national ministry or agency,State,Fisheries and Oceans Canada,http://www.dfo-mpo.gc.ca/oceans/oeabcm-amcepz/refuges/georgia-georgie-eng.html,Not Reported,Not Reported,State Verified,1868,Not Reported,CAN,CAN
Polygon,555651695,555651695,0,Strait Of Georgia And Howe Sound Glass Sponge Reef closure (Brunswick Point),Strait Of Georgia And Howe Sound Glass Sponge Reef closure (Brunswick Point),Other Effective Area-Based Conservation Measure,Other Effective Area-Based Conservation Measure,National,Not Applicable,Not Applicable,2,0.285994,0.270817,0.285994,0.2857,Not Reported,0,Designated,2019,Federal or national ministry or agency,State,Fisheries and Oceans Canada,http://www.dfo-mpo.gc.ca/oceans/oeabcm-amcepz/refuges/georgia-georgie-eng.html,Not Reported,Not Reported,State Verified,1868,Not Reported,CAN,CAN
Polygon,555651696,555651696,0,Strait Of Georgia And Howe Sound Glass Sponge Reef closure (Bowyer Island),Strait Of Georgia And Howe Sound Glass Sponge Reef closure (Bowyer Island),Other Effective Area-Based Conservation Measure,Other Effective Area-Based Conservation Measure,National,Not Applicable,Not Applicable,2,0.575224,0.574697,0.575224,0.574697,Not Reported,0,Designated,2019,Federal or national ministry or agency,State,Fisheries and Oceans Canada,http://www.dfo-mpo.gc.ca/oceans/oeabcm-amcepz/refuges/georgia-georgie-eng.html,Not Reported,Not Reported,State Verified,1868,Not Reported,CAN,CAN
Polygon,555651697,555651697,0,Strait Of Georgia And Howe Sound Glass Sponge Reef closure (Sechelt),Strait Of Georgia And Howe Sound Glass Sponge Reef closure (Sechelt),Other Effective Area-Based Conservation Measure,Other Effective Area-Based Conservation Measure,National,Not Applicable,Not Applicable,2,7.606175,7.598215,7.606175,7.598215,Not Reported,0,Designated,2015,Federal or national ministry or agency,State,Fisheries and Oceans Canada,http://www.dfo-mpo.gc.ca/oceans/oeabcm-amcepz/refuges/georgia-georgie-eng.html,Not Reported,Not Reported,State Verified,1868,Not Reported,CAN,CAN
Polygon,555651698,555651698,0,Strait Of Georgia And Howe Sound Glass Sponge Reef closure (East Defence Islands),Strait Of Georgia And Howe Sound Glass Sponge Reef closure (East Defence Islands),Other Effective Area-Based Conservation Measure,Other Effective Area-Based Conservation Measure,National,Not Applicable,Not Applicable,1,0.268602,0.241184,0.268602,0.268321,Not Reported,0,Designated,2019,Federal or national ministry or agency,State,Fisheries and Oceans Canada,http://www.dfo-mpo.gc.ca/oceans/oeabcm-amcepz/refuges/georgia-georgie-eng.html,Not Reported,Not Reported,State Verified,1868,Not Reported,CAN,CAN
Polygon,555651699,555651699,0,Strait Of Georgia And Howe Sound Glass Sponge Reef closure (Halibut Bank),Strait Of Georgia And Howe Sound Glass Sponge Reef closure (Halibut Bank),Other Effective Area-Based Conservation Measure,Other Effective Area-Based Conservation Measure,National,Not Applicable,Not Applicable,2,5.425238,5.419498,5.425238,5.419498,Not Reported,0,Designated,2015,Federal or national ministry or agency,State,Fisheries and Oceans Canada,http://www.dfo-mpo.gc.ca/oceans/oeabcm-amcepz/refuges/georgia-georgie-eng.html,Not Reported,Not Reported,State Verified,1868,Not Reported,CAN,CAN
Polygon,555651700,555651700,0,Strait Of Georgia And Howe Sound Glass Sponge Reef closure (Gabriola Island),Strait Of Georgia And Howe Sound Glass Sponge Reef closure (Gabriola Island),Other Effective Area-Based Conservation Measure,Other Effective Area-Based Conservation Measure,National,Not Applicable,Not Applicable,2,0.587094,0.586526,0.587094,0.586526,Not Reported,0,Designated,2015,Federal or national ministry or agency,State,Fisheries and Oceans Canada,http://www.dfo-mpo.gc.ca/oceans/oeabcm-amcepz/refuges/georgia-georgie-eng.html,Not Reported,Not Reported,State Verified,1868,Not Reported,CAN,CAN
Polygon,555651701,555651701,0,Strait Of Georgia And Howe Sound Glass Sponge Reef closure (Outer Gulf Islands),Strait Of Georgia And Howe Sound Glass Sponge Reef closure (Outer Gulf Islands),Other Effective Area-Based Conservation Measure,Other Effective Area-Based Conservation Measure,National,Not Applicable,Not Applicable,2,4.214194,4.210521,4.214194,4.210521,Not Reported,0,Designated,2015,Federal or national ministry or agency,State,Fisheries and Oceans Canada,http://www.dfo-mpo.gc.ca/oceans/oeabcm-amcepz/refuges/georgia-georgie-eng.html,Not Reported,Not Reported,State Verified,1868,Not Reported,CAN,CAN
Polygon,555651702,555651702,0,Strait Of Georgia And Howe Sound Glass Sponge Reef closure (Foreslope Hill),Strait Of Georgia And Howe Sound Glass Sponge Reef closure (Foreslope Hill),Other Effective Area-Based Conservation Measure,Other Effective Area-Based Conservation Measure,National,Not Applicable,Not Applicable,2,0.811564,0.810796,0.811564,0.810796,Not Reported,0,Designated,2015,Federal or national ministry or agency,State,Fisheries and Oceans Canada,http://www.dfo-mpo.gc.ca/oceans/oeabcm-amcepz/refuges/georgia-georgie-eng.html,Not Reported,Not Reported,State Verified,1868,Not Reported,CAN,CAN
Polygon,555651703,555651703,0,Strait Of Georgia And Howe Sound Glass Sponge Reef closure (Queen Charlotte Channel),Strait Of Georgia And Howe Sound Glass Sponge Reef closure (Queen Charlotte Channel),Other Effective Area-Based Conservation Measure,Other Effective Area-Based Conservation Measure,National,Not Applicable,Not Applicable,2,4.466314,4.386535,4.466314,4.461991,Not Reported,0,Designated,2015,Federal or national ministry or agency,State,Fisheries and Oceans Canada,http://www.dfo-mpo.gc.ca/oceans/oeabcm-amcepz/refuges/georgia-georgie-eng.html,Not Reported,Not Reported,State Verified,1868,Not Reported,CAN,CAN
Polygon,555651704,555651704,0,Strait Of Georgia And Howe Sound Glass Sponge Reef closure (Parksville),Strait Of Georgia And Howe Sound Glass Sponge Reef closure (Parksville),Other Effective Area-Based Conservation Measure,Other Effective Area-Based Conservation Measure,National,Not Applicable,Not Applicable,2,2.051434,2.049415,2.051434,2.049415,Not Reported,0,Designated,2015,Federal or national ministry or agency,State,Fisheries and Oceans Canada,http://www.dfo-mpo.gc.ca/oceans/oeabcm-amcepz/refuges/georgia-georgie-eng.html,Not Reported,Not Reported,State Verified,1868,Not Reported,CAN,CAN
Polygon,555651705,555651705,0,Strait Of Georgia And Howe Sound Glass Sponge Reef closure (Defence Islands),Strait Of Georgia And Howe Sound Glass Sponge Reef closure (Defence Islands),Other Effective Area-Based Conservation Measure,Other Effective Area-Based Conservation Measure,National,Not Applicable,Not Applicable,2,0.677702,0.676987,0.677702,0.676987,Not Reported,0,Designated,2015,Federal or national ministry or agency,State,Fisheries and Oceans Canada,http://www.dfo-mpo.gc.ca/oceans/oeabcm-amcepz/refuges/georgia-georgie-eng.html,Not Reported,Not Reported,State Verified,1868,Not Reported,CAN,CAN
Polygon,555651706,555651706,0,Strait Of Georgia And Howe Sound Glass Sponge Reef closure (Dorman Point),Strait Of Georgia And Howe Sound Glass Sponge Reef closure (Dorman Point),Other Effective Area-Based Conservation Measure,Other Effective Area-Based Conservation Measure,National,Not Applicable,Not Applicable,2,0.17952,0.17934,0.17952,0.17934,Not Reported,0,Designated,2019,Federal or national ministry or agency,State,Fisheries and Oceans Canada,http://www.dfo-mpo.gc.ca/oceans/oeabcm-amcepz/refuges/georgia-georgie-eng.html,Not Reported,Not Reported,State Verified,1868,Not Reported,CAN,CAN
Polygon,555651707,555651707,0,Strait Of Georgia And Howe Sound Glass Sponge Reef closure (Lions Bay and Kelvin Grove),Strait Of Georgia And Howe Sound Glass Sponge Reef closure (Lions Bay and Kelvin Grove),Other Effective Area-Based Conservation Measure,Other Effective Area-Based Conservation Measure,National,Not Applicable,Not Applicable,2,1.146184,1.127556,1.146184,1.144948,Not Reported,0,Designated,2019,Federal or national ministry or agency,State,Fisheries and Oceans Canada,http://www.dfo-mpo.gc.ca/oceans/oeabcm-amcepz/refuges/georgia-georgie-eng.html,Not Reported,Not Reported,State Verified,1868,Not Reported,CAN,CAN
Polygon,555651708,555651708,0,Strait Of Georgia And Howe Sound Glass Sponge Reef closure (Lost Reef),Strait Of Georgia And Howe Sound Glass Sponge Reef closure (Lost Reef),Other Effective Area-Based Conservation Measure,Other Effective Area-Based Conservation Measure,National,Not Applicable,Not Applicable,2,0.320291,0.31996,0.320291,0.31996,Not Reported,0,Designated,2019,Federal or national ministry or agency,State,Fisheries and Oceans Canada,http://www.dfo-mpo.gc.ca/oceans/oeabcm-amcepz/refuges/georgia-georgie-eng.html,Not Reported,Not Reported,State Verified,1868,Not Reported,CAN,CAN
Polygon,555651709,555651709,0,Strait Of Georgia And Howe Sound Glass Sponge Reef closure (Halkett Point),Strait Of Georgia And Howe Sound Glass Sponge Reef closure (Halkett Point),Other Effective Area-Based Conservation Measure,Other Effective Area-Based Conservation Measure,National,Not Applicable,Not Applicable,2,0.252061,0.251797,0.252061,0.251797,Not Reported,0,Designated,2019,Federal or national ministry or agency,State,Fisheries and Oceans Canada,http://www.dfo-mpo.gc.ca/oceans/oeabcm-amcepz/refuges/georgia-georgie-eng.html,Not Reported,Not Reported,State Verified,1868,Not Reported,CAN,CAN
Polygon,555651710,555651710,0,Strait Of Georgia And Howe Sound Glass Sponge Reef closure (East Hornby Island),Strait Of Georgia And Howe Sound Glass Sponge Reef closure (East Hornby Island),Other Effective Area-Based Conservation Measure,Other Effective Area-Based Conservation Measure,National,Not Applicable,Not Applicable,2,3.204195,3.200924,3.204195,3.200924,Not Reported,0,Designated,2015,Federal or national ministry or agency,State,Fisheries and Oceans Canada,http://www.dfo-mpo.gc.ca/oceans/oeabcm-amcepz/refuges/georgia-georgie-eng.html,Not Reported,Not Reported,State Verified,1868,Not Reported,CAN,CAN
Polygon,555651716,555651716,0,Western Honguedo Strait Coral Conservation Area,Western Honguedo Strait Coral Conservation Area,Other Effective Area-Based Conservation Measure,Other Effective Area-Based Conservation Measure,National,Not Applicable,Not Applicable,2,495.698328,495.326295,495.698328,495.326295,Not Reported,0,Designated,2017,Federal or national ministry or agency,State,Fisheries and Oceans Canada,http://www.dfo-mpo.gc.ca/oceans/oeabcm-amcepz/refuges/honguedo-western-ouest-eng.html,Not Reported,Not Reported,State Verified,1868,Not Reported,CAN,CAN
Polygon,555651740,555651740,0,Western/Emerald Banks Conservation Area (Restricted Fisheries Zone),Western/Emerald Banks Conservation Area (Restricted Fisheries Zone),Other Effective Area-Based Conservation Measure,Other Effective Area-Based Conservation Measure,National,Not Applicable,Not Applicable,2,10234.17208,10232.21598,10234.17208,10232.21598,Not Reported,0,Designated,2017,Federal or national ministry or agency,State,Fisheries and Oceans Canada,http://www.dfo-mpo.gc.ca/oceans/oeabcm-amcepz/refuges/westernemerald-emeraudewestern-eng.html,Not Reported,Not Reported,State Verified,1868,Not Reported,CAN,CAN
Polygon,555651688,555651688,0,Davis Strait Conservation Area,Davis Strait Conservation Area,Other Effective Area-Based Conservation Measure,Other Effective Area-Based Conservation Measure,National,Not Applicable,Not Applicable,2,17297.68998,17047.44358,17297.68998,17052.14152,Not Reported,0,Designated,2017,Federal or national ministry or agency,State,Fisheries and Oceans Canada,http://www.dfo-mpo.gc.ca/oceans/oeabcm-amcepz/refuges/davisstrait-detroitdavis-eng.html,Not Reported,Not Reported,State Verified,1868,Not Reported,CAN,CAN
Polygon,555651690,555651690,0,Disko Fan Conservation Area (Portion Closed to All Bottom-Contact Fishing),Disko Fan Conservation Area (Portion Closed to All Bottom-Contact Fishing),Other Effective Area-Based Conservation Measure,Other Effective Area-Based Conservation Measure,National,Not Applicable,Not Applicable,2,7485.31108,7449.547885,7485.31108,7449.547885,Not Reported,0,Designated,2017,Federal or national ministry or agency,State,Fisheries and Oceans Canada,http://www.dfo-mpo.gc.ca/oceans/oeabcm-amcepz/refuges/diskofan-eng.html,Not Reported,Not Reported,State Verified,1868,Not Reported,CAN,CAN
Polygon,555651713,555651713,0,Hatton Basin Conservation Area,Hatton Basin Conservation Area,Other Effective Area-Based Conservation Measure,Other Effective Area-Based Conservation Measure,National,Not Applicable,Not Applicable,2,42459.17783,42609.79143,42459.17783,42609.79143,Not Reported,0,Designated,2017,Federal or national ministry or agency,State,Fisheries and Oceans Canada,http://www.dfo-mpo.gc.ca/oceans/oeabcm-amcepz/refuges/hattonbasin-bassinhatton-eng.html,Not Reported,Not Reported,State Verified,1868,Not Reported,CAN,CAN
Polygon,555651693,555651693,0,Funk Island Deep closure,Funk Island Deep closure,Other Effective Area-Based Conservation Measure,Other Effective Area-Based Conservation Measure,National,Not Applicable,Not Applicable,2,7274.212079,7252.878439,7274.212079,7253.140775,Not Reported,0,Designated,2017,Federal or national ministry or agency,State,Fisheries and Oceans Canada,http://www.dfo-mpo.gc.ca/oceans/oeabcm-amcepz/refuges/funkislanddeep-fossedelilefunk-eng.html,Not Reported,Not Reported,State Verified,1868,Not Reported,CAN,CAN
Polygon,555651714,555651714,0,Hawke Channel closure,Hawke Channel closure,Other Effective Area-Based Conservation Measure,Other Effective Area-Based Conservation Measure,National,Not Applicable,Not Applicable,2,8836.574915,8820.912145,8836.574915,8820.912145,Not Reported,0,Designated,2017,Federal or national ministry or agency,State,Fisheries and Oceans Canada,http://www.dfo-mpo.gc.ca/oceans/oeabcm-amcepz/refuges/hawkechannel-chenalhawke-eng.html,Not Reported,Not Reported,State Verified,1868,Not Reported,CAN,CAN
Polygon,555651717,555651717,0,Hopedale Saddle closure,Hopedale Saddle closure,Other Effective Area-Based Conservation Measure,Other Effective Area-Based Conservation Measure,National,Not Applicable,Not Applicable,2,15410.94473,15138.35681,15410.94473,15138.35681,Not Reported,0,Designated,2017,Federal or national ministry or agency,State,Fisheries and Oceans Canada,http://www.dfo-mpo.gc.ca/oceans/oeabcm-amcepz/refuges/hopedalesaddle-ensellementhopedale-eng.html,Not Reported,Not Reported,State Verified,1868,Not Reported,CAN,CAN
Polygon,555651732,555651732,0,Northeast Newfoundland Slope closure (portion that contributes to marine conservation targets),Northeast Newfoundland Slope closure (portion that contributes to marine conservation targets),Other Effective Area-Based Conservation Measure,Other Effective Area-Based Conservation Measure,National,Not Applicable,Not Applicable,2,46919.8956,46243.47923,46919.8956,46873.85425,Not Reported,0,Designated,2017,Federal or national ministry or agency,State,Fisheries and Oceans Canada,http://www.dfo-mpo.gc.ca/oceans/oeabcm-amcepz/refuges/northeastnewfoundlandslope-talusnordestdeterreneuve-eng.html,Not Reported,Not Reported,State Verified,1868,Not Reported,CAN,CAN
Polygon,555651816,555651816,0,Maplewood Conservation Area,Maplewood Conservation Area,Nature Reserve,Nature Reserve,National,Not Applicable,Not Applicable,0,0,0,0.23191,0.231677,Not Applicable,0,Designated,1994,Federal or national ministry or agency,State,"Canadian Wildlife Service, Pacific Region",Not Reported,Not Reported,Not Reported,State Verified,1868,CA-BC,CAN,CAN
Polygon,555651817,555651817,0,Great Blue Heron Nature Reserve,Great Blue Heron Nature Reserve,Nature Reserve,Nature Reserve,National,Not Applicable,Not Applicable,0,0,0,0.147004,0.146866,Not Applicable,0,Designated,2001,Federal or national ministry or agency,State,"Canadian Wildlife Service, Pacific Region",Not Reported,Not Reported,Not Reported,State Verified,1868,CA-BC,CAN,CAN
Polygon,555651818,555651818,0,Sea Island Conservation Area,Sea Island Conservation Area,Conservation Area,Conservation Area,National,Not Applicable,Not Applicable,0,0,0.000914,1.433121,1.431754,Not Applicable,0,Designated,1997,Federal or national ministry or agency,State,"Canadian Wildlife Service, Pacific Region",Not Reported,Not Reported,Not Reported,State Verified,1868,CA-BC,CAN,CAN
