<?xml version="1.0" encoding="UTF-8"?>
<metadata xml:lang="en"><Esri><CreaDate>20191202</CreaDate><CreaTime>11190600</CreaTime><ArcGISFormat>1.0</ArcGISFormat><SyncOnce>FALSE</SyncOnce><DataProperties><lineage><Process ToolSource="c:\program files (x86)\arcgis\desktop10.5\ArcToolbox\Toolboxes\Data Management Tools.tbx\Append" Date="20190213" Time="161417">Append New_sites_to_be_removed WDPA_Existing_Data_Poly NO_TEST "WDPAID "WDPAID" true true false 8 Double 0 0 ,First,#,New_sites_to_be_removed,WDPAID,-1,-1;WDPA_PID "WDPA_PID" true true false 80 Text 0 0 ,First,#,New_sites_to_be_removed,WDPA_PID,-1,-1;PA_DEF "PA_DEF" true true false 80 Text 0 0 ,First,#,New_sites_to_be_removed,PA_DEF,-1,-1;NAME "NAME" true true false 80 Text 0 0 ,First,#,New_sites_to_be_removed,NAME,-1,-1;ORIG_NAME "ORIG_NAME" true true false 80 Text 0 0 ,First,#,New_sites_to_be_removed,ORIG_NAME,-1,-1;DESIG "DESIG" true true false 80 Text 0 0 ,First,#,New_sites_to_be_removed,DESIG,-1,-1;DESIG_ENG "DESIG_ENG" true true false 80 Text 0 0 ,First,#,New_sites_to_be_removed,DESIG_ENG,-1,-1;DESIG_TYPE "DESIG_TYPE" true true false 80 Text 0 0 ,First,#,New_sites_to_be_removed,DESIG_TYPE,-1,-1;IUCN_CAT "IUCN_CAT" true true false 80 Text 0 0 ,First,#,New_sites_to_be_removed,IUCN_CAT,-1,-1;INT_CRIT "INT_CRIT" true true false 80 Text 0 0 ,First,#,New_sites_to_be_removed,INT_CRIT,-1,-1;MARINE "MARINE" true true false 80 Text 0 0 ,First,#,New_sites_to_be_removed,MARINE,-1,-1;REP_M_AREA "REP_M_AREA" true true false 8 Double 0 0 ,First,#,New_sites_to_be_removed,REP_M_AREA,-1,-1;GIS_M_AREA "GIS_M_AREA" true true false 8 Double 0 0 ,First,#,New_sites_to_be_removed,GIS_M_AREA,-1,-1;REP_AREA "REP_AREA" true true false 8 Double 0 0 ,First,#,New_sites_to_be_removed,REP_AREA,-1,-1;GIS_AREA "GIS_AREA" true true false 8 Double 0 0 ,First,#,New_sites_to_be_removed,GIS_AREA,-1,-1;NO_TAKE "NO_TAKE" true true false 80 Text 0 0 ,First,#,New_sites_to_be_removed,NO_TAKE,-1,-1;NO_TK_AREA "NO_TK_AREA" true true false 8 Double 0 0 ,First,#,New_sites_to_be_removed,NO_TK_AREA,-1,-1;STATUS "STATUS" true true false 80 Text 0 0 ,First,#,New_sites_to_be_removed,STATUS,-1,-1;STATUS_YR "STATUS_YR" true true false 4 Long 0 0 ,First,#,New_sites_to_be_removed,STATUS_YR,-1,-1;GOV_TYPE "GOV_TYPE" true true false 80 Text 0 0 ,First,#,New_sites_to_be_removed,GOV_TYPE,-1,-1;OWN_TYPE "OWN_TYPE" true true false 80 Text 0 0 ,First,#,New_sites_to_be_removed,OWN_TYPE,-1,-1;MANG_AUTH "MANG_AUTH" true true false 80 Text 0 0 ,First,#,New_sites_to_be_removed,MANG_AUTH,-1,-1;MANG_PLAN "MANG_PLAN" true true false 80 Text 0 0 ,First,#,New_sites_to_be_removed,MANG_PLAN,-1,-1;VERIF "VERIF" true true false 80 Text 0 0 ,First,#,New_sites_to_be_removed,VERIF,-1,-1;METADATAID "METADATAID" true true false 4 Long 0 0 ,First,#,New_sites_to_be_removed,METADATAID,-1,-1;SUB_LOC "SUB_LOC" true true false 80 Text 0 0 ,First,#,New_sites_to_be_removed,SUB_LOC,-1,-1;PARENT_ISO "PARENT_ISO" true true false 80 Text 0 0 ,First,#,New_sites_to_be_removed,PARENT_ISO,-1,-1;ISO3 "ISO3" true true false 80 Text 0 0 ,First,#,New_sites_to_be_removed,ISO3,-1,-1;Shape_Length "Shape_Length" false true true 8 Double 0 0 ,First,#,New_sites_to_be_removed,Shape_Length,-1,-1;Shape_Area "Shape_Area" false true true 8 Double 0 0 ,First,#,New_sites_to_be_removed,Shape_Area,-1,-1" #</Process><Process ToolSource="c:\program files (x86)\arcgis\desktop10.5\ArcToolbox\Toolboxes\Data Management Tools.tbx\CalculateField" Date="20190213" Time="164358">CalculateField "Stage 1 - "Existing" Data\WDPA_Existing_Data_Poly" DESIG [DESIG_ENG] VB #</Process><Process ToolSource="c:\program files (x86)\arcgis\desktop10.5\ArcToolbox\Toolboxes\Data Management Tools.tbx\Append" Date="20190213" Time="165220">Append 'Stage 1 - "Existing" Data\Sites to be removed as part of update\New_sites_to_be_removed_poly' "Stage 1 - "Existing" Data\WDPA_Existing_Data_Poly" NO_TEST "WDPAID "WDPAID" true true false 8 Double 0 0 ,First,#,Stage 1 - "Existing" Data\Sites to be removed as part of update\New_sites_to_be_removed_poly,WDPAID,-1,-1;WDPA_PID "WDPA_PID" true true false 80 Text 0 0 ,First,#,Stage 1 - "Existing" Data\Sites to be removed as part of update\New_sites_to_be_removed_poly,WDPA_PID,-1,-1;PA_DEF "PA_DEF" true true false 80 Text 0 0 ,First,#,Stage 1 - "Existing" Data\Sites to be removed as part of update\New_sites_to_be_removed_poly,PA_DEF,-1,-1;NAME "NAME" true true false 80 Text 0 0 ,First,#,Stage 1 - "Existing" Data\Sites to be removed as part of update\New_sites_to_be_removed_poly,NAME,-1,-1;ORIG_NAME "ORIG_NAME" true true false 80 Text 0 0 ,First,#,Stage 1 - "Existing" Data\Sites to be removed as part of update\New_sites_to_be_removed_poly,ORIG_NAME,-1,-1;DESIG "DESIG" true true false 80 Text 0 0 ,First,#,Stage 1 - "Existing" Data\Sites to be removed as part of update\New_sites_to_be_removed_poly,DESIG,-1,-1;DESIG_ENG "DESIG_ENG" true true false 80 Text 0 0 ,First,#,Stage 1 - "Existing" Data\Sites to be removed as part of update\New_sites_to_be_removed_poly,DESIG_ENG,-1,-1;DESIG_TYPE "DESIG_TYPE" true true false 80 Text 0 0 ,First,#,Stage 1 - "Existing" Data\Sites to be removed as part of update\New_sites_to_be_removed_poly,DESIG_TYPE,-1,-1;IUCN_CAT "IUCN_CAT" true true false 80 Text 0 0 ,First,#,Stage 1 - "Existing" Data\Sites to be removed as part of update\New_sites_to_be_removed_poly,IUCN_CAT,-1,-1;INT_CRIT "INT_CRIT" true true false 80 Text 0 0 ,First,#,Stage 1 - "Existing" Data\Sites to be removed as part of update\New_sites_to_be_removed_poly,INT_CRIT,-1,-1;MARINE "MARINE" true true false 80 Text 0 0 ,First,#,Stage 1 - "Existing" Data\Sites to be removed as part of update\New_sites_to_be_removed_poly,MARINE,-1,-1;REP_M_AREA "REP_M_AREA" true true false 8 Double 0 0 ,First,#,Stage 1 - "Existing" Data\Sites to be removed as part of update\New_sites_to_be_removed_poly,REP_M_AREA,-1,-1;GIS_M_AREA "GIS_M_AREA" true true false 8 Double 0 0 ,First,#,Stage 1 - "Existing" Data\Sites to be removed as part of update\New_sites_to_be_removed_poly,GIS_M_AREA,-1,-1;REP_AREA "REP_AREA" true true false 8 Double 0 0 ,First,#,Stage 1 - "Existing" Data\Sites to be removed as part of update\New_sites_to_be_removed_poly,REP_AREA,-1,-1;GIS_AREA "GIS_AREA" true true false 8 Double 0 0 ,First,#,Stage 1 - "Existing" Data\Sites to be removed as part of update\New_sites_to_be_removed_poly,GIS_AREA,-1,-1;NO_TAKE "NO_TAKE" true true false 80 Text 0 0 ,First,#,Stage 1 - "Existing" Data\Sites to be removed as part of update\New_sites_to_be_removed_poly,NO_TAKE,-1,-1;NO_TK_AREA "NO_TK_AREA" true true false 8 Double 0 0 ,First,#,Stage 1 - "Existing" Data\Sites to be removed as part of update\New_sites_to_be_removed_poly,NO_TK_AREA,-1,-1;STATUS "STATUS" true true false 80 Text 0 0 ,First,#,Stage 1 - "Existing" Data\Sites to be removed as part of update\New_sites_to_be_removed_poly,STATUS,-1,-1;STATUS_YR "STATUS_YR" true true false 4 Long 0 0 ,First,#,Stage 1 - "Existing" Data\Sites to be removed as part of update\New_sites_to_be_removed_poly,STATUS_YR,-1,-1;GOV_TYPE "GOV_TYPE" true true false 80 Text 0 0 ,First,#,Stage 1 - "Existing" Data\Sites to be removed as part of update\New_sites_to_be_removed_poly,GOV_TYPE,-1,-1;OWN_TYPE "OWN_TYPE" true true false 80 Text 0 0 ,First,#,Stage 1 - "Existing" Data\Sites to be removed as part of update\New_sites_to_be_removed_poly,OWN_TYPE,-1,-1;MANG_AUTH "MANG_AUTH" true true false 80 Text 0 0 ,First,#,Stage 1 - "Existing" Data\Sites to be removed as part of update\New_sites_to_be_removed_poly,MANG_AUTH,-1,-1;MANG_PLAN "MANG_PLAN" true true false 80 Text 0 0 ,First,#,Stage 1 - "Existing" Data\Sites to be removed as part of update\New_sites_to_be_removed_poly,MANG_PLAN,-1,-1;VERIF "VERIF" true true false 80 Text 0 0 ,First,#,Stage 1 - "Existing" Data\Sites to be removed as part of update\New_sites_to_be_removed_poly,VERIF,-1,-1;METADATAID "METADATAID" true true false 4 Long 0 0 ,First,#,Stage 1 - "Existing" Data\Sites to be removed as part of update\New_sites_to_be_removed_poly,METADATAID,-1,-1;SUB_LOC "SUB_LOC" true true false 80 Text 0 0 ,First,#,Stage 1 - "Existing" Data\Sites to be removed as part of update\New_sites_to_be_removed_poly,SUB_LOC,-1,-1;PARENT_ISO "PARENT_ISO" true true false 80 Text 0 0 ,First,#,Stage 1 - "Existing" Data\Sites to be removed as part of update\New_sites_to_be_removed_poly,PARENT_ISO,-1,-1;ISO3 "ISO3" true true false 80 Text 0 0 ,First,#,Stage 1 - "Existing" Data\Sites to be removed as part of update\New_sites_to_be_removed_poly,ISO3,-1,-1;Shape_Length "Shape_Length" false true true 8 Double 0 0 ,First,#,Stage 1 - "Existing" Data\Sites to be removed as part of update\New_sites_to_be_removed_poly,Shape_Length,-1,-1;Shape_Area "Shape_Area" false true true 8 Double 0 0 ,First,#,Stage 1 - "Existing" Data\Sites to be removed as part of update\New_sites_to_be_removed_poly,Shape_Area,-1,-1" #</Process><Process ToolSource="c:\program files (x86)\arcgis\desktop10.5\ArcToolbox\Toolboxes\Data Management Tools.tbx\CalculateField" Date="20190213" Time="171219">CalculateField "Stage 1 - "Existing" Data\WDPA_Existing_Data_Poly" DESIG "Wildlife Area" VB #</Process><Process ToolSource="c:\program files (x86)\arcgis\desktop10.5\ArcToolbox\Toolboxes\Data Management Tools.tbx\CalculateField" Date="20190213" Time="171225">CalculateField "Stage 1 - "Existing" Data\WDPA_Existing_Data_Poly" DESIG_ENG "Wildlife Area" VB #</Process><Process ToolSource="c:\program files (x86)\arcgis\desktop10.5\ArcToolbox\Toolboxes\Data Management Tools.tbx\CalculateField" Date="20190228" Time="145227">CalculateField "Stage 1 - "Existing" Data\WDPA_Existing_Data_Poly" DESIG_ENG "Forest Park" VB #</Process><Process ToolSource="c:\program files (x86)\arcgis\desktop10.5\ArcToolbox\Toolboxes\Data Management Tools.tbx\CalculateField" Date="20190228" Time="145952">CalculateField "Stage 1 - "Existing" Data\WDPA_Existing_Data_Poly" IUCN_CAT "Not Reported" VB #</Process><Process ToolSource="c:\program files (x86)\arcgis\desktop10.5\ArcToolbox\Toolboxes\Data Management Tools.tbx\Append" Date="20190308" Time="120150">Append '20150608 SSS_diss' GGY_OECMs_v1 NO_TEST "WDPAID "WDPAID" true true false 8 Double 0 0 ,First,#;WDPA_PID "WDPA_PID" true true false 80 Text 0 0 ,First,#;PA_DEF "PA_DEF" true true false 80 Text 0 0 ,First,#;NAME "NAME" true true false 80 Text 0 0 ,First,#,20150608 SSS_diss,Site,-1,-1;ORIG_NAME "ORIG_NAME" true true false 80 Text 0 0 ,First,#,20150608 SSS_diss,Site,-1,-1;DESIG "DESIG" true true false 80 Text 0 0 ,First,#;DESIG_ENG "DESIG_ENG" true true false 80 Text 0 0 ,First,#;DESIG_TYPE "DESIG_TYPE" true true false 80 Text 0 0 ,First,#;IUCN_CAT "IUCN_CAT" true true false 80 Text 0 0 ,First,#;INT_CRIT "INT_CRIT" true true false 80 Text 0 0 ,First,#;MARINE "MARINE" true true false 80 Text 0 0 ,First,#;REP_M_AREA "REP_M_AREA" true true false 8 Double 0 0 ,First,#;GIS_M_AREA "GIS_M_AREA" true true false 8 Double 0 0 ,First,#;REP_AREA "REP_AREA" true true false 8 Double 0 0 ,First,#;GIS_AREA "GIS_AREA" true true false 8 Double 0 0 ,First,#;NO_TAKE "NO_TAKE" true true false 80 Text 0 0 ,First,#;NO_TK_AREA "NO_TK_AREA" true true false 8 Double 0 0 ,First,#;STATUS "STATUS" true true false 80 Text 0 0 ,First,#;STATUS_YR "STATUS_YR" true true false 4 Long 0 0 ,First,#;GOV_TYPE "GOV_TYPE" true true false 80 Text 0 0 ,First,#;OWN_TYPE "OWN_TYPE" true true false 80 Text 0 0 ,First,#;MANG_AUTH "MANG_AUTH" true true false 80 Text 0 0 ,First,#;MANG_PLAN "MANG_PLAN" true true false 80 Text 0 0 ,First,#;VERIF "VERIF" true true false 80 Text 0 0 ,First,#;METADATAID "METADATAID" true true false 4 Long 0 0 ,First,#;SUB_LOC "SUB_LOC" true true false 80 Text 0 0 ,First,#;PARENT_ISO "PARENT_ISO" true true false 80 Text 0 0 ,First,#;ISO3 "ISO3" true true false 80 Text 0 0 ,First,#;Shape_Length "Shape_Length" false true true 8 Double 0 0 ,First,#;Shape_Area "Shape_Area" false true true 8 Double 0 0 ,First,#" #</Process><Process ToolSource="c:\program files (x86)\arcgis\desktop10.5\ArcToolbox\Toolboxes\Data Management Tools.tbx\CalculateField" Date="20190308" Time="120204">CalculateField GGY_OECMs_v1 PA_DEF 0 VB #</Process><Process ToolSource="c:\program files (x86)\arcgis\desktop10.5\ArcToolbox\Toolboxes\Data Management Tools.tbx\CalculateField" Date="20190308" Time="120219">CalculateField GGY_OECMs_v1 DESIG "OECM" VB #</Process><Process ToolSource="c:\program files (x86)\arcgis\desktop10.5\ArcToolbox\Toolboxes\Data Management Tools.tbx\CalculateField" Date="20190308" Time="120225">CalculateField GGY_OECMs_v1 DESIG_ENG "OECM" VB #</Process><Process ToolSource="c:\program files (x86)\arcgis\desktop10.5\ArcToolbox\Toolboxes\Data Management Tools.tbx\CalculateField" Date="20190308" Time="120242">CalculateField GGY_OECMs_v1 ISO3 "GGY" VB #</Process><Process ToolSource="c:\program files (x86)\arcgis\desktop10.5\ArcToolbox\Toolboxes\Data Management Tools.tbx\CalculateField" Date="20190308" Time="120253">CalculateField GGY_OECMs_v1 PARENT_ISO "GBR" VB #</Process><Process ToolSource="c:\program files (x86)\arcgis\desktop10.5\ArcToolbox\Toolboxes\Data Management Tools.tbx\CalculateField" Date="20191114" Time="124354">CalculateField GGY_OECMs_v1 SUB_LOC "Not Reported" VB #</Process><Process ToolSource="c:\program files (x86)\arcgis\desktop10.5\ArcToolbox\Toolboxes\Data Management Tools.tbx\CalculateField" Date="20191114" Time="124923">CalculateField GGY_OECMs_v1 WDPAID 555682972 VB #</Process><Process ToolSource="c:\program files (x86)\arcgis\desktop10.5\ArcToolbox\Toolboxes\Data Management Tools.tbx\CalculateField" Date="20191114" Time="125014">CalculateField GGY_OECMs_v1 WDPA_PID [WDPAID] VB #</Process><Process ToolSource="c:\program files (x86)\arcgis\desktop10.5\ArcToolbox\Toolboxes\Data Management Tools.tbx\CalculateField" Date="20191114" Time="125714">CalculateField GGY_OECMs_v1 MARINE "[GIS_M_AREA]/ [GIS_AREA]*100" VB #</Process><Process ToolSource="c:\program files (x86)\arcgis\desktop10.5\ArcToolbox\Toolboxes\Data Management Tools.tbx\CalculateField" Date="20191114" Time="125738">CalculateField GGY_OECMs_v1 MARINE 0 VB #</Process><Process ToolSource="c:\program files (x86)\arcgis\desktop10.5\ArcToolbox\Toolboxes\Data Management Tools.tbx\CalculateField" Date="20191114" Time="125748">CalculateField GGY_OECMs_v1 MARINE 1 VB #</Process><Process ToolSource="c:\program files (x86)\arcgis\desktop10.5\ArcToolbox\Toolboxes\Data Management Tools.tbx\CalculateField" Date="20191114" Time="125757">CalculateField GGY_OECMs_v1 MARINE 2 VB #</Process><Process ToolSource="e:\program files\desktop10.5\ArcToolbox\Toolboxes\Data Management Tools.tbx\CalculateField" Date="20191120" Time="111744">CalculateField GGY_working METADATAID 1953 VB #</Process><Process ToolSource="e:\program files\desktop10.5\ArcToolbox\Toolboxes\Data Management Tools.tbx\CalculateField" Date="20191120" Time="111959">CalculateField GGY_working CONS_OBJ "Not Reported" VB #</Process><Process ToolSource="e:\program files\desktop10.5\ArcToolbox\Toolboxes\Data Management Tools.tbx\CalculateField" Date="20191120" Time="112006">CalculateField GGY_working SUPP_INFO "Not Reported" VB #</Process><Process ToolSource="e:\program files\desktop10.5\ArcToolbox\Toolboxes\Data Management Tools.tbx\Merge" Date="20191120" Time="113558">Merge GGY_working;CAN_working E:\Copied_from_C\Documents\Documents\GIS\WD-OECM\Working.gdb\CAN_GGY2 "WDPAID "WDPAID" true true false 8 Double 0 0 ,First,#,GGY_working,WDPAID,-1,-1,CAN_working,WDPAID,-1,-1;WDPA_PID "WDPA_PID" true true false 52 Text 0 0 ,First,#,GGY_working,WDPA_PID,-1,-1,CAN_working,WDPA_PID,-1,-1;PA_DEF "PA_DEF" true true false 20 Text 0 0 ,First,#,GGY_working,PA_DEF,-1,-1,CAN_working,PA_DEF,-1,-1;NAME "NAME" true true false 254 Text 0 0 ,First,#,GGY_working,NAME,-1,-1,CAN_working,NAME,-1,-1;ORIG_NAME "ORIG_NAME" true true false 254 Text 0 0 ,First,#,GGY_working,ORIG_NAME,-1,-1,CAN_working,ORIG_NAME,-1,-1;DESIG "DESIG" true true false 254 Text 0 0 ,First,#,GGY_working,DESIG,-1,-1,CAN_working,DESIG,-1,-1;DESIG_ENG "DESIG_ENG" true true false 254 Text 0 0 ,First,#,GGY_working,DESIG_ENG,-1,-1,CAN_working,DESIG_ENG,-1,-1;DESIG_TYPE "DESIG_TYPE" true true false 20 Text 0 0 ,First,#,GGY_working,DESIG_TYPE,-1,-1,CAN_working,DESIG_TYPE,-1,-1;IUCN_CAT "IUCN_CAT" true true false 20 Text 0 0 ,First,#,GGY_working,IUCN_CAT,-1,-1,CAN_working,IUCN_CAT,-1,-1;INT_CRIT "INT_CRIT" true true false 100 Text 0 0 ,First,#,GGY_working,INT_CRIT,-1,-1,CAN_working,INT_CRIT,-1,-1;MARINE "MARINE" true true false 20 Text 0 0 ,First,#,GGY_working,MARINE,-1,-1,CAN_working,MARINE,-1,-1;REP_M_AREA "REP_M_AREA" true true false 8 Double 0 0 ,First,#,GGY_working,REP_M_AREA,-1,-1,CAN_working,REP_M_AREA,-1,-1;GIS_M_AREA "GIS_M_AREA" true true false 8 Double 0 0 ,First,#,GGY_working,GIS_M_AREA,-1,-1,CAN_working,GIS_M_AREA,-1,-1;REP_AREA "REP_AREA" true true false 8 Double 0 0 ,First,#,GGY_working,REP_AREA,-1,-1,CAN_working,REP_AREA,-1,-1;GIS_AREA "GIS_AREA" true true false 8 Double 0 0 ,First,#,GGY_working,GIS_AREA,-1,-1,CAN_working,GIS_AREA,-1,-1;NO_TAKE "NO_TAKE" true true false 50 Text 0 0 ,First,#,GGY_working,NO_TAKE,-1,-1,CAN_working,NO_TAKE,-1,-1;NO_TK_AREA "NO_TK_AREA" true true false 8 Double 0 0 ,First,#,GGY_working,NO_TK_AREA,-1,-1,CAN_working,NO_TK_AREA,-1,-1;STATUS "STATUS" true true false 100 Text 0 0 ,First,#,GGY_working,STATUS,-1,-1,CAN_working,STATUS,-1,-1;STATUS_YR "STATUS_YR" true true false 4 Long 0 0 ,First,#,GGY_working,STATUS_YR,-1,-1,CAN_working,STATUS_YR,-1,-1;GOV_TYPE "GOV_TYPE" true true false 254 Text 0 0 ,First,#,GGY_working,GOV_TYPE,-1,-1,CAN_working,GOV_TYPE,-1,-1;OWN_TYPE "OWN_TYPE" true true false 254 Text 0 0 ,First,#,GGY_working,OWN_TYPE,-1,-1,CAN_working,OWN_TYPE,-1,-1;MANG_AUTH "MANG_AUTH" true true false 254 Text 0 0 ,First,#,GGY_working,MANG_AUTH,-1,-1,CAN_working,MANG_AUTH,-1,-1;MANG_PLAN "MANG_PLAN" true true false 254 Text 0 0 ,First,#,GGY_working,MANG_PLAN,-1,-1,CAN_working,MANG_PLAN,-1,-1;VERIF "VERIF" true true false 20 Text 0 0 ,First,#,GGY_working,VERIF,-1,-1,CAN_working,VERIF,-1,-1;METADATAID "METADATAID" true true false 4 Long 0 0 ,First,#,GGY_working,METADATAID,-1,-1,CAN_working,METADATAID,-1,-1;SUB_LOC "SUB_LOC" true true false 100 Text 0 0 ,First,#,GGY_working,SUB_LOC,-1,-1,CAN_working,SUB_LOC,-1,-1;PARENT_ISO "PARENT_ISO" true true false 20 Text 0 0 ,First,#,GGY_working,PARENT_ISO,-1,-1;ISO3 "ISO3" true true false 20 Text 0 0 ,First,#,GGY_working,ISO3,-1,-1,CAN_working,ISO3,-1,-1;Shape_Length "Shape_Length" false true true 8 Double 0 0 ,First,#,GGY_working,Shape_Length,-1,-1,CAN_working,SHAPE_Length,-1,-1;Shape_Area "Shape_Area" false true true 8 Double 0 0 ,First,#,GGY_working,Shape_Area,-1,-1,CAN_working,SHAPE_Area,-1,-1;CONS_OBJ "CONS_OBJ" true true false 100 Text 0 0 ,First,#,GGY_working,CONS_OBJ,-1,-1,CAN_working,CONS_OBJ,-1,-1;SUPP_INFO "SUPP_INFO" true true false 254 Text 0 0 ,First,#,GGY_working,SUPP_INFO,-1,-1,CAN_working,SUPP_INFO,-1,-1;PARENT_ISO3 "PARENT_ISO3" true true false 20 Text 0 0 ,First,#,CAN_working,PARENT_ISO3,-1,-1"</Process><Process ToolSource="c:\program files\arcgis\pro\Resources\ArcToolbox\toolboxes\Data Management Tools.tbx\CalculateField" Date="20191120" Time="114549">CalculateField CAN_GGY2 IUCN_CAT "Not Applicable" "Python 3" #</Process><Process ToolSource="c:\program files\arcgis\pro\Resources\ArcToolbox\toolboxes\Data Management Tools.tbx\CalculateField" Date="20191120" Time="115027">CalculateField CAN_GGY2 PARENT_ISO3 !PARENT_ISO! "Python 3" #</Process><Process ToolSource="c:\program files\arcgis\pro\Resources\ArcToolbox\toolboxes\Data Management Tools.tbx\DeleteField" Date="20191120" Time="115047">DeleteField CAN_GGY2 PARENT_ISO</Process><Process ToolSource="e:\program files\desktop10.5\ArcToolbox\Toolboxes\Data Management Tools.tbx\CalculateField" Date="20191120" Time="115745">CalculateField CAN_GGY2 DESIG_TYPE "National" VB #</Process><Process ToolSource="c:\program files\arcgis\pro\Resources\ArcToolbox\toolboxes\Conversion Tools.tbx\FeatureClassToFeatureClass" Date="20191120" Time="121158">FeatureClassToFeatureClass CAN_GGY2 E:\Copied_from_C\Documents\Documents\GIS\WD-OECM\Working.gdb CAN_GGY_final # "WDPAID "WDPAID" true true false 8 Double 0 0,First,#,CAN_GGY2,WDPAID,-1,-1;WDPA_PID "WDPA_PID" true true false 52 Text 0 0,First,#,CAN_GGY2,WDPA_PID,0,52;PA_DEF "PA_DEF" true true false 20 Text 0 0,First,#,CAN_GGY2,PA_DEF,0,20;NAME "NAME" true true false 254 Text 0 0,First,#,CAN_GGY2,NAME,0,254;ORIG_NAME "ORIG_NAME" true true false 254 Text 0 0,First,#,CAN_GGY2,ORIG_NAME,0,254;DESIG "DESIG" true true false 254 Text 0 0,First,#,CAN_GGY2,DESIG,0,254;DESIG_ENG "DESIG_ENG" true true false 254 Text 0 0,First,#,CAN_GGY2,DESIG_ENG,0,254;DESIG_TYPE "DESIG_TYPE" true true false 20 Text 0 0,First,#,CAN_GGY2,DESIG_TYPE,0,20;IUCN_CAT "IUCN_CAT" true true false 20 Text 0 0,First,#,CAN_GGY2,IUCN_CAT,0,20;INT_CRIT "INT_CRIT" true true false 100 Text 0 0,First,#,CAN_GGY2,INT_CRIT,0,100;MARINE "MARINE" true true false 20 Text 0 0,First,#,CAN_GGY2,MARINE,0,20;REP_M_AREA "REP_M_AREA" true true false 8 Double 0 0,First,#,CAN_GGY2,REP_M_AREA,-1,-1;GIS_M_AREA "GIS_M_AREA" true true false 8 Double 0 0,First,#,CAN_GGY2,GIS_M_AREA,-1,-1;REP_AREA "REP_AREA" true true false 8 Double 0 0,First,#,CAN_GGY2,REP_AREA,-1,-1;GIS_AREA "GIS_AREA" true true false 8 Double 0 0,First,#,CAN_GGY2,GIS_AREA,-1,-1;NO_TAKE "NO_TAKE" true true false 50 Text 0 0,First,#,CAN_GGY2,NO_TAKE,0,50;NO_TK_AREA "NO_TK_AREA" true true false 8 Double 0 0,First,#,CAN_GGY2,NO_TK_AREA,-1,-1;STATUS "STATUS" true true false 100 Text 0 0,First,#,CAN_GGY2,STATUS,0,100;STATUS_YR "STATUS_YR" true true false 4 Long 0 0,First,#,CAN_GGY2,STATUS_YR,-1,-1;GOV_TYPE "GOV_TYPE" true true false 254 Text 0 0,First,#,CAN_GGY2,GOV_TYPE,0,254;OWN_TYPE "OWN_TYPE" true true false 254 Text 0 0,First,#,CAN_GGY2,OWN_TYPE,0,254;MANG_AUTH "MANG_AUTH" true true false 254 Text 0 0,First,#,CAN_GGY2,MANG_AUTH,0,254;MANG_PLAN "MANG_PLAN" true true false 254 Text 0 0,First,#,CAN_GGY2,MANG_PLAN,0,254;CONS_OBJ "CONS_OBJ" true true false 100 Text 0 0,First,#,CAN_GGY2,CONS_OBJ,0,100;SUPP_INFO "SUPP_INFO" true true false 254 Text 0 0,First,#,CAN_GGY2,SUPP_INFO,0,254;VERIF "VERIF" true true false 20 Text 0 0,First,#,CAN_GGY2,VERIF,0,20;METADATAID "METADATAID" true true false 4 Long 0 0,First,#,CAN_GGY2,METADATAID,-1,-1;SUB_LOC "SUB_LOC" true true false 100 Text 0 0,First,#,CAN_GGY2,SUB_LOC,0,100;PARENT_ISO3 "PARENT_ISO3" true true false 20 Text 0 0,First,#,CAN_GGY2,PARENT_ISO3,0,20;ISO3 "ISO3" true true false 20 Text 0 0,First,#,CAN_GGY2,ISO3,0,20;Shape_Length "Shape_Length" false true true 8 Double 0 0,First,#,CAN_GGY2,Shape_Length,-1,-1;Shape_Area "Shape_Area" false true true 8 Double 0 0,First,#,CAN_GGY2,Shape_Area,-1,-1" #</Process><Process ToolSource="e:\program files\desktop10.5\ArcToolbox\Toolboxes\Data Management Tools.tbx\RepairGeometry" Date="20191125" Time="140034">RepairGeometry WDOECM_poly_Dec2019 DELETE_NULL</Process><Process ToolSource="e:\program files\desktop10.5\ArcToolbox\Toolboxes\Data Management Tools.tbx\CalculateField" Date="20191125" Time="140153">CalculateField WDOECM_poly_Dec2019 METADATAID 1887 VB #</Process><Process ToolSource="c:\program files (x86)\arcgis\desktop10.5\ArcToolbox\Toolboxes\Data Management Tools.tbx\CalculateField" Date="20191128" Time="132057">CalculateField WDOECM_poly_Dec2019 METADATAID 1868 VB #</Process></lineage><itemProps><itemLocation><linkage Sync="TRUE">file://\\WCMC-LT-822273X\C$\Users\heatherb\Desktop\WDOECM\WDOECM_Dec2019.gdb</linkage><protocol Sync="TRUE">Local Area Network</protocol></itemLocation><itemName Sync="TRUE">CAN_GGY_final</itemName><imsContentType Sync="TRUE">002</imsContentType></itemProps><coordRef><type Sync="TRUE">Geographic</type><geogcsn Sync="TRUE">GCS_WGS_1984</geogcsn><csUnits Sync="TRUE">Angular Unit: Degree (0.017453)</csUnits><peXml Sync="TRUE">&lt;GeographicCoordinateSystem xsi:type='typens:GeographicCoordinateSystem' xmlns:xsi='http://www.w3.org/2001/XMLSchema-instance' xmlns:xs='http://www.w3.org/2001/XMLSchema' xmlns:typens='http://www.esri.com/schemas/ArcGIS/2.2.0'&gt;&lt;WKT&gt;GEOGCS[&amp;quot;GCS_WGS_1984&amp;quot;,DATUM[&amp;quot;D_WGS_1984&amp;quot;,SPHEROID[&amp;quot;WGS_1984&amp;quot;,6378137.0,298.257223563]],PRIMEM[&amp;quot;Greenwich&amp;quot;,0.0],UNIT[&amp;quot;Degree&amp;quot;,0.0174532925199433],AUTHORITY[&amp;quot;EPSG&amp;quot;,4326]]&lt;/WKT&gt;&lt;XOrigin&gt;-400&lt;/XOrigin&gt;&lt;YOrigin&gt;-400&lt;/YOrigin&gt;&lt;XYScale&gt;11258999068426.238&lt;/XYScale&gt;&lt;ZOrigin&gt;-100000&lt;/ZOrigin&gt;&lt;ZScale&gt;10000&lt;/ZScale&gt;&lt;MOrigin&gt;-100000&lt;/MOrigin&gt;&lt;MScale&gt;10000&lt;/MScale&gt;&lt;XYTolerance&gt;8.983152841195215e-09&lt;/XYTolerance&gt;&lt;ZTolerance&gt;0.001&lt;/ZTolerance&gt;&lt;MTolerance&gt;0.001&lt;/MTolerance&gt;&lt;HighPrecision&gt;true&lt;/HighPrecision&gt;&lt;LeftLongitude&gt;-180&lt;/LeftLongitude&gt;&lt;WKID&gt;4326&lt;/WKID&gt;&lt;LatestWKID&gt;4326&lt;/LatestWKID&gt;&lt;/GeographicCoordinateSystem&gt;</peXml></coordRef></DataProperties><SyncDate>20191120</SyncDate><SyncTime>12115700</SyncTime><ModDate>20191120</ModDate><ModTime>12115700</ModTime></Esri><dataIdInfo><envirDesc Sync="TRUE">Microsoft Windows 10 Version 10.0 (Build 18362) ; Esri ArcGIS 12.2.0.12813</envirDesc><dataLang><languageCode value="eng" Sync="TRUE"></languageCode><countryCode value="GBR" Sync="TRUE"></countryCode></dataLang><idCitation><resTitle Sync="TRUE">CAN_GGY_final</resTitle><presForm><PresFormCd value="005" Sync="TRUE"></PresFormCd></presForm></idCitation><spatRpType><SpatRepTypCd value="001" Sync="TRUE"></SpatRepTypCd></spatRpType></dataIdInfo><mdLang><languageCode value="eng" Sync="TRUE"></languageCode><countryCode value="GBR" Sync="TRUE"></countryCode></mdLang><distInfo><distFormat><formatName Sync="TRUE">File Geodatabase Feature Class</formatName></distFormat></distInfo><mdHrLv><ScopeCd value="005" Sync="TRUE"></ScopeCd></mdHrLv><mdHrLvName Sync="TRUE">dataset</mdHrLvName><refSysInfo><RefSystem><refSysID><identCode code="4326" Sync="TRUE"></identCode><idCodeSpace Sync="TRUE">EPSG</idCodeSpace><idVersion Sync="TRUE">6.14(3.0.1)</idVersion></refSysID></RefSystem></refSysInfo><spatRepInfo><VectSpatRep><geometObjs Name="CAN_GGY_final"><geoObjTyp><GeoObjTypCd value="002" Sync="TRUE"></GeoObjTypCd></geoObjTyp><geoObjCnt Sync="TRUE">0</geoObjCnt></geometObjs><topLvl><TopoLevCd value="001" Sync="TRUE"></TopoLevCd></topLvl></VectSpatRep></spatRepInfo><spdoinfo><ptvctinf><esriterm Name="CAN_GGY_final"><efeatyp Sync="TRUE">Simple</efeatyp><efeageom code="4" Sync="TRUE"></efeageom><esritopo Sync="TRUE">FALSE</esritopo><efeacnt Sync="TRUE">0</efeacnt><spindex Sync="TRUE">TRUE</spindex><linrefer Sync="TRUE">FALSE</linrefer></esriterm></ptvctinf></spdoinfo><eainfo><detailed Name="CAN_GGY_final"><enttyp><enttypl Sync="TRUE">CAN_GGY_final</enttypl><enttypt Sync="TRUE">Feature Class</enttypt><enttypc Sync="TRUE">0</enttypc></enttyp><attr><attrlabl Sync="TRUE">OBJECTID</attrlabl><attalias Sync="TRUE">OBJECTID</attalias><attrtype Sync="TRUE">OID</attrtype><attwidth Sync="TRUE">4</attwidth><atprecis Sync="TRUE">0</atprecis><attscale Sync="TRUE">0</attscale><attrdef Sync="TRUE">Internal feature number.</attrdef><attrdefs Sync="TRUE">Esri</attrdefs><attrdomv><udom Sync="TRUE">Sequential unique whole numbers that are automatically generated.</udom></attrdomv></attr><attr><attrlabl Sync="TRUE">Shape</attrlabl><attalias Sync="TRUE">Shape</attalias><attrtype Sync="TRUE">Geometry</attrtype><attwidth Sync="TRUE">0</attwidth><atprecis Sync="TRUE">0</atprecis><attscale Sync="TRUE">0</attscale><attrdef Sync="TRUE">Feature geometry.</attrdef><attrdefs Sync="TRUE">Esri</attrdefs><attrdomv><udom Sync="TRUE">Coordinates defining the features.</udom></attrdomv></attr><attr><attrlabl Sync="TRUE">WDPAID</attrlabl><attalias Sync="TRUE">WDPAID</attalias><attrtype Sync="TRUE">Double</attrtype><attwidth Sync="TRUE">8</attwidth><atprecis Sync="TRUE">0</atprecis><attscale Sync="TRUE">0</attscale></attr><attr><attrlabl Sync="TRUE">WDPA_PID</attrlabl><attalias Sync="TRUE">WDPA_PID</attalias><attrtype Sync="TRUE">String</attrtype><attwidth Sync="TRUE">52</attwidth><atprecis Sync="TRUE">0</atprecis><attscale Sync="TRUE">0</attscale></attr><attr><attrlabl Sync="TRUE">PA_DEF</attrlabl><attalias Sync="TRUE">PA_DEF</attalias><attrtype Sync="TRUE">String</attrtype><attwidth Sync="TRUE">20</attwidth><atprecis Sync="TRUE">0</atprecis><attscale Sync="TRUE">0</attscale></attr><attr><attrlabl Sync="TRUE">NAME</attrlabl><attalias Sync="TRUE">NAME</attalias><attrtype Sync="TRUE">String</attrtype><attwidth Sync="TRUE">254</attwidth><atprecis Sync="TRUE">0</atprecis><attscale Sync="TRUE">0</attscale></attr><attr><attrlabl Sync="TRUE">ORIG_NAME</attrlabl><attalias Sync="TRUE">ORIG_NAME</attalias><attrtype Sync="TRUE">String</attrtype><attwidth Sync="TRUE">254</attwidth><atprecis Sync="TRUE">0</atprecis><attscale Sync="TRUE">0</attscale></attr><attr><attrlabl Sync="TRUE">DESIG</attrlabl><attalias Sync="TRUE">DESIG</attalias><attrtype Sync="TRUE">String</attrtype><attwidth Sync="TRUE">254</attwidth><atprecis Sync="TRUE">0</atprecis><attscale Sync="TRUE">0</attscale></attr><attr><attrlabl Sync="TRUE">DESIG_ENG</attrlabl><attalias Sync="TRUE">DESIG_ENG</attalias><attrtype Sync="TRUE">String</attrtype><attwidth Sync="TRUE">254</attwidth><atprecis Sync="TRUE">0</atprecis><attscale Sync="TRUE">0</attscale></attr><attr><attrlabl Sync="TRUE">DESIG_TYPE</attrlabl><attalias Sync="TRUE">DESIG_TYPE</attalias><attrtype Sync="TRUE">String</attrtype><attwidth Sync="TRUE">20</attwidth><atprecis Sync="TRUE">0</atprecis><attscale Sync="TRUE">0</attscale></attr><attr><attrlabl Sync="TRUE">IUCN_CAT</attrlabl><attalias Sync="TRUE">IUCN_CAT</attalias><attrtype Sync="TRUE">String</attrtype><attwidth Sync="TRUE">20</attwidth><atprecis Sync="TRUE">0</atprecis><attscale Sync="TRUE">0</attscale></attr><attr><attrlabl Sync="TRUE">INT_CRIT</attrlabl><attalias Sync="TRUE">INT_CRIT</attalias><attrtype Sync="TRUE">String</attrtype><attwidth Sync="TRUE">100</attwidth><atprecis Sync="TRUE">0</atprecis><attscale Sync="TRUE">0</attscale></attr><attr><attrlabl Sync="TRUE">MARINE</attrlabl><attalias Sync="TRUE">MARINE</attalias><attrtype Sync="TRUE">String</attrtype><attwidth Sync="TRUE">20</attwidth><atprecis Sync="TRUE">0</atprecis><attscale Sync="TRUE">0</attscale></attr><attr><attrlabl Sync="TRUE">REP_M_AREA</attrlabl><attalias Sync="TRUE">REP_M_AREA</attalias><attrtype Sync="TRUE">Double</attrtype><attwidth Sync="TRUE">8</attwidth><atprecis Sync="TRUE">0</atprecis><attscale Sync="TRUE">0</attscale></attr><attr><attrlabl Sync="TRUE">GIS_M_AREA</attrlabl><attalias Sync="TRUE">GIS_M_AREA</attalias><attrtype Sync="TRUE">Double</attrtype><attwidth Sync="TRUE">8</attwidth><atprecis Sync="TRUE">0</atprecis><attscale Sync="TRUE">0</attscale></attr><attr><attrlabl Sync="TRUE">REP_AREA</attrlabl><attalias Sync="TRUE">REP_AREA</attalias><attrtype Sync="TRUE">Double</attrtype><attwidth Sync="TRUE">8</attwidth><atprecis Sync="TRUE">0</atprecis><attscale Sync="TRUE">0</attscale></attr><attr><attrlabl Sync="TRUE">GIS_AREA</attrlabl><attalias Sync="TRUE">GIS_AREA</attalias><attrtype Sync="TRUE">Double</attrtype><attwidth Sync="TRUE">8</attwidth><atprecis Sync="TRUE">0</atprecis><attscale Sync="TRUE">0</attscale></attr><attr><attrlabl Sync="TRUE">NO_TAKE</attrlabl><attalias Sync="TRUE">NO_TAKE</attalias><attrtype Sync="TRUE">String</attrtype><attwidth Sync="TRUE">50</attwidth><atprecis Sync="TRUE">0</atprecis><attscale Sync="TRUE">0</attscale></attr><attr><attrlabl Sync="TRUE">NO_TK_AREA</attrlabl><attalias Sync="TRUE">NO_TK_AREA</attalias><attrtype Sync="TRUE">Double</attrtype><attwidth Sync="TRUE">8</attwidth><atprecis Sync="TRUE">0</atprecis><attscale Sync="TRUE">0</attscale></attr><attr><attrlabl Sync="TRUE">STATUS</attrlabl><attalias Sync="TRUE">STATUS</attalias><attrtype Sync="TRUE">String</attrtype><attwidth Sync="TRUE">100</attwidth><atprecis Sync="TRUE">0</atprecis><attscale Sync="TRUE">0</attscale></attr><attr><attrlabl Sync="TRUE">STATUS_YR</attrlabl><attalias Sync="TRUE">STATUS_YR</attalias><attrtype Sync="TRUE">Integer</attrtype><attwidth Sync="TRUE">4</attwidth><atprecis Sync="TRUE">0</atprecis><attscale Sync="TRUE">0</attscale></attr><attr><attrlabl Sync="TRUE">GOV_TYPE</attrlabl><attalias Sync="TRUE">GOV_TYPE</attalias><attrtype Sync="TRUE">String</attrtype><attwidth Sync="TRUE">254</attwidth><atprecis Sync="TRUE">0</atprecis><attscale Sync="TRUE">0</attscale></attr><attr><attrlabl Sync="TRUE">OWN_TYPE</attrlabl><attalias Sync="TRUE">OWN_TYPE</attalias><attrtype Sync="TRUE">String</attrtype><attwidth Sync="TRUE">254</attwidth><atprecis Sync="TRUE">0</atprecis><attscale Sync="TRUE">0</attscale></attr><attr><attrlabl Sync="TRUE">MANG_AUTH</attrlabl><attalias Sync="TRUE">MANG_AUTH</attalias><attrtype Sync="TRUE">String</attrtype><attwidth Sync="TRUE">254</attwidth><atprecis Sync="TRUE">0</atprecis><attscale Sync="TRUE">0</attscale></attr><attr><attrlabl Sync="TRUE">MANG_PLAN</attrlabl><attalias Sync="TRUE">MANG_PLAN</attalias><attrtype Sync="TRUE">String</attrtype><attwidth Sync="TRUE">254</attwidth><atprecis Sync="TRUE">0</atprecis><attscale Sync="TRUE">0</attscale></attr><attr><attrlabl Sync="TRUE">VERIF</attrlabl><attalias Sync="TRUE">VERIF</attalias><attrtype Sync="TRUE">String</attrtype><attwidth Sync="TRUE">20</attwidth><atprecis Sync="TRUE">0</atprecis><attscale Sync="TRUE">0</attscale></attr><attr><attrlabl Sync="TRUE">METADATAID</attrlabl><attalias Sync="TRUE">METADATAID</attalias><attrtype Sync="TRUE">Integer</attrtype><attwidth Sync="TRUE">4</attwidth><atprecis Sync="TRUE">0</atprecis><attscale Sync="TRUE">0</attscale></attr><attr><attrlabl Sync="TRUE">SUB_LOC</attrlabl><attalias Sync="TRUE">SUB_LOC</attalias><attrtype Sync="TRUE">String</attrtype><attwidth Sync="TRUE">100</attwidth><atprecis Sync="TRUE">0</atprecis><attscale Sync="TRUE">0</attscale></attr><attr><attrlabl Sync="TRUE">ISO3</attrlabl><attalias Sync="TRUE">ISO3</attalias><attrtype Sync="TRUE">String</attrtype><attwidth Sync="TRUE">20</attwidth><atprecis Sync="TRUE">0</atprecis><attscale Sync="TRUE">0</attscale></attr><attr><attrlabl Sync="TRUE">CONS_OBJ</attrlabl><attalias Sync="TRUE">CONS_OBJ</attalias><attrtype Sync="TRUE">String</attrtype><attwidth Sync="TRUE">100</attwidth><atprecis Sync="TRUE">0</atprecis><attscale Sync="TRUE">0</attscale></attr><attr><attrlabl Sync="TRUE">SUPP_INFO</attrlabl><attalias Sync="TRUE">SUPP_INFO</attalias><attrtype Sync="TRUE">String</attrtype><attwidth Sync="TRUE">254</attwidth><atprecis Sync="TRUE">0</atprecis><attscale Sync="TRUE">0</attscale></attr><attr><attrlabl Sync="TRUE">PARENT_ISO3</attrlabl><attalias Sync="TRUE">PARENT_ISO3</attalias><attrtype Sync="TRUE">String</attrtype><attwidth Sync="TRUE">20</attwidth><atprecis Sync="TRUE">0</atprecis><attscale Sync="TRUE">0</attscale></attr><attr><attrlabl Sync="TRUE">Shape_Length</attrlabl><attalias Sync="TRUE">Shape_Length</attalias><attrtype Sync="TRUE">Double</attrtype><attwidth Sync="TRUE">8</attwidth><atprecis Sync="TRUE">0</atprecis><attscale Sync="TRUE">0</attscale><attrdef Sync="TRUE">Length of feature in internal units.</attrdef><attrdefs Sync="TRUE">Esri</attrdefs><attrdomv><udom Sync="TRUE">Positive real numbers that are automatically generated.</udom></attrdomv></attr><attr><attrlabl Sync="TRUE">Shape_Area</attrlabl><attalias Sync="TRUE">Shape_Area</attalias><attrtype Sync="TRUE">Double</attrtype><attwidth Sync="TRUE">8</attwidth><atprecis Sync="TRUE">0</atprecis><attscale Sync="TRUE">0</attscale><attrdef Sync="TRUE">Area of feature in internal units squared.</attrdef><attrdefs Sync="TRUE">Esri</attrdefs><attrdomv><udom Sync="TRUE">Positive real numbers that are automatically generated.</udom></attrdomv></attr></detailed></eainfo><mdDateSt Sync="TRUE">20191120</mdDateSt></metadata>
