<?xml version="1.0" encoding="UTF-8"?>
<metadata xml:lang="en"><Esri><CreaDate>20191202</CreaDate><CreaTime>11193100</CreaTime><ArcGISFormat>1.0</ArcGISFormat><SyncOnce>FALSE</SyncOnce><DataProperties><lineage><Process ToolSource="c:\program files (x86)\arcgis\desktop10.5\ArcToolbox\Toolboxes\Conversion Tools.tbx\ExcelToTable" Date="20180426" Time="142439">ExcelToTable "E:\GIS\WDPA_MAy2018release\Copy of FinalSourceTable.xlsx" W:\WDPA_Monthly_Version\2018\May_2018\WDPA_May2018_Public\WDPA_May2018_Public.gdb\WDPA_source_May2018_2 Sheet1</Process><Process ToolSource="c:\program files (x86)\arcgis\desktop10.5\ArcToolbox\Toolboxes\Data Management Tools.tbx\Append" Date="20180620" Time="172149">Append SHN_source_update_Mar2018 WDPA_source_Jun2018 NO_TEST "METADATAID "METADATAID" true true false 4 Long 0 0 ,First,#,SHN_source_update_Mar2018,METADATAID,-1,-1;DATA_TITLE "DATA_TITLE" true true false 255 Text 0 0 ,First,#,SHN_source_update_Mar2018,DATA_TITLE,-1,-1;RESP_PARTY "RESP_PARTY" true true false 255 Text 0 0 ,First,#,SHN_source_update_Mar2018,RESP_PARTY,-1,-1;VERIFIER "VERIFIER" true true false 259 Text 0 0 ,First,#,SHN_source_update_Mar2018,VERIFIER,-1,-1;YEAR "YEAR" true true false 255 Text 0 0 ,First,#,SHN_source_update_Mar2018,YEAR,-1,-1;UPDATE_YR "UPDATE_YR" true true false 255 Text 0 0 ,First,#,SHN_source_update_Mar2018,UPDATE_YR,-1,-1;LANGUAGE "LANGUAGE" true true false 255 Text 0 0 ,First,#,SHN_source_update_Mar2018,LANGUAGE,-1,-1;CHAR_SET "CHAR_SET" true true false 255 Text 0 0 ,First,#,SHN_source_update_Mar2018,CHAR_SET,-1,-1;REF_SYSTEM "REF_SYSTEM" true true false 255 Text 0 0 ,First,#,SHN_source_update_Mar2018,REF_SYSTEM,-1,-1;SCALE "SCALE" true true false 255 Text 0 0 ,First,#,SHN_source_update_Mar2018,SCALE,-1,-1;LINEAGE "LINEAGE" true true false 264 Text 0 0 ,First,#,SHN_source_update_Mar2018,LINEAGE,-1,-1;CITATION "CITATION" true true false 261 Text 0 0 ,First,#,SHN_source_update_Mar2018,CITATION,-1,-1;DISCLAIMER "DISCLAIMER" true true false 264 Text 0 0 ,First,#,SHN_source_update_Mar2018,DISCLAIMER,-1,-1" #</Process><Process ToolSource="c:\program files (x86)\arcgis\desktop10.5\ArcToolbox\Toolboxes\Conversion Tools.tbx\TableToTable" Date="20181023" Time="122047">TableToTable "F:\1_Country Updates\2018\Nov\WDPA_MASTER.gdb\WDPA_source_Oct2018" "F:\1_Country Updates\2018\Nov\WDPA_Nov2018_Licensed.gdb" WDPA_source_Nov2018 # "METADATAID "METADATAID" true true false 4 Long 0 0 ,First,#,F:\1_Country Updates\2018\Nov\WDPA_MASTER.gdb\WDPA_source_Oct2018,METADATAID,-1,-1;DATA_TITLE "DATA_TITLE" true true false 255 Text 0 0 ,First,#,F:\1_Country Updates\2018\Nov\WDPA_MASTER.gdb\WDPA_source_Oct2018,DATA_TITLE,-1,-1;RESP_PARTY "RESP_PARTY" true true false 255 Text 0 0 ,First,#,F:\1_Country Updates\2018\Nov\WDPA_MASTER.gdb\WDPA_source_Oct2018,RESP_PARTY,-1,-1;VERIFIER "VERIFIER" true true false 259 Text 0 0 ,First,#,F:\1_Country Updates\2018\Nov\WDPA_MASTER.gdb\WDPA_source_Oct2018,VERIFIER,-1,-1;YEAR "YEAR" true true false 255 Text 0 0 ,First,#,F:\1_Country Updates\2018\Nov\WDPA_MASTER.gdb\WDPA_source_Oct2018,YEAR,-1,-1;UPDATE_YR "UPDATE_YR" true true false 255 Text 0 0 ,First,#,F:\1_Country Updates\2018\Nov\WDPA_MASTER.gdb\WDPA_source_Oct2018,UPDATE_YR,-1,-1;LANGUAGE "LANGUAGE" true true false 255 Text 0 0 ,First,#,F:\1_Country Updates\2018\Nov\WDPA_MASTER.gdb\WDPA_source_Oct2018,LANGUAGE,-1,-1;CHAR_SET "CHAR_SET" true true false 255 Text 0 0 ,First,#,F:\1_Country Updates\2018\Nov\WDPA_MASTER.gdb\WDPA_source_Oct2018,CHAR_SET,-1,-1;REF_SYSTEM "REF_SYSTEM" true true false 255 Text 0 0 ,First,#,F:\1_Country Updates\2018\Nov\WDPA_MASTER.gdb\WDPA_source_Oct2018,REF_SYSTEM,-1,-1;SCALE "SCALE" true true false 255 Text 0 0 ,First,#,F:\1_Country Updates\2018\Nov\WDPA_MASTER.gdb\WDPA_source_Oct2018,SCALE,-1,-1;LINEAGE "LINEAGE" true true false 264 Text 0 0 ,First,#,F:\1_Country Updates\2018\Nov\WDPA_MASTER.gdb\WDPA_source_Oct2018,LINEAGE,-1,-1;CITATION "CITATION" true true false 261 Text 0 0 ,First,#,F:\1_Country Updates\2018\Nov\WDPA_MASTER.gdb\WDPA_source_Oct2018,CITATION,-1,-1;DISCLAIMER "DISCLAIMER" true true false 264 Text 0 0 ,First,#,F:\1_Country Updates\2018\Nov\WDPA_MASTER.gdb\WDPA_source_Oct2018,DISCLAIMER,-1,-1" #</Process><Process ToolSource="c:\program files (x86)\arcgis\desktop10.3\ArcToolbox\Toolboxes\Data Management Tools.tbx\CalculateField" Date="20190112" Time="095848">CalculateField WDPA_source_Feb2019 UPDATE_YR 2019 VB #</Process><Process ToolSource="c:\program files (x86)\arcgis\desktop10.3\ArcToolbox\Toolboxes\Data Management Tools.tbx\CalculateField" Date="20190112" Time="095918">CalculateField WDPA_source_Feb2019 UPDATE_YR 2019 VB #</Process><Process ToolSource="c:\program files (x86)\arcgis\desktop10.3\ArcToolbox\Toolboxes\Data Management Tools.tbx\CalculateField" Date="20190112" Time="095933">CalculateField WDPA_source_Feb2019 UPDATE_YR 2019 VB #</Process><Process ToolSource="c:\program files (x86)\arcgis\desktop10.3\ArcToolbox\Toolboxes\Data Management Tools.tbx\CalculateField" Date="20190112" Time="095946">CalculateField WDPA_source_Feb2019 UPDATE_YR 2019 VB #</Process><Process ToolSource="c:\program files (x86)\arcgis\desktop10.3\ArcToolbox\Toolboxes\Data Management Tools.tbx\CalculateField" Date="20190112" Time="100002">CalculateField WDPA_source_Feb2019 UPDATE_YR 2019 VB #</Process><Process ToolSource="c:\program files (x86)\arcgis\desktop10.3\ArcToolbox\Toolboxes\Data Management Tools.tbx\CalculateField" Date="20190112" Time="100025">CalculateField WDPA_source_Feb2019 DISCLAIMER "Unless otherwise indicated, re-use of content for commercial or non-commercial purposes is permitted free of charge, provided that the source is acknowledged. Copyright holder: EEA, Estonian Environmental Register 01.01.2017, ©Finnish Environment Institute, 2017" VB #</Process><Process ToolSource="c:\program files\arcgis\pro\Resources\ArcToolbox\toolboxes\Data Management Tools.tbx\CopyRows" Date="20190513" Time="144905">CopyRows WDPA_source_Jun2019 "F:\OneDrive - WCMC(1)\WDPA\Updating WDPA and PP\Datasets for Release\2019\For_June_release\WDPA_Jun2019_Licensed.gdb\WDPA_source_Jun2019" #</Process><Process ToolSource="c:\program files (x86)\arcgis\desktop10.5\ArcToolbox\Toolboxes\Conversion Tools.tbx\TableToTable" Date="20190516" Time="141446">TableToTable "F:\OneDrive - WCMC(1)\WDPA\Monthly Versions\2019\June_2019\WDPA_Jun2019_Public.gdb\WDPA_source_Jun2019" "F:\OneDrive - WCMC(1)\WDPA\Monthly Versions\2019\June_2019\WDPA_Jun2019_Public\WDPA_Jun2019_Public.gdb" WDPA_source_Jun2019 # "METADATAID "METADATAID" true true false 4 Long 0 0 ,First,#,F:\OneDrive - WCMC(1)\WDPA\Monthly Versions\2019\June_2019\WDPA_Jun2019_Public.gdb\WDPA_source_Jun2019,METADATAID,-1,-1;DATA_TITLE "DATA_TITLE" true true false 255 Text 0 0 ,First,#,F:\OneDrive - WCMC(1)\WDPA\Monthly Versions\2019\June_2019\WDPA_Jun2019_Public.gdb\WDPA_source_Jun2019,DATA_TITLE,-1,-1;RESP_PARTY "RESP_PARTY" true true false 255 Text 0 0 ,First,#,F:\OneDrive - WCMC(1)\WDPA\Monthly Versions\2019\June_2019\WDPA_Jun2019_Public.gdb\WDPA_source_Jun2019,RESP_PARTY,-1,-1;VERIFIER "VERIFIER" true true false 259 Text 0 0 ,First,#,F:\OneDrive - WCMC(1)\WDPA\Monthly Versions\2019\June_2019\WDPA_Jun2019_Public.gdb\WDPA_source_Jun2019,VERIFIER,-1,-1;YEAR "YEAR" true true false 255 Text 0 0 ,First,#,F:\OneDrive - WCMC(1)\WDPA\Monthly Versions\2019\June_2019\WDPA_Jun2019_Public.gdb\WDPA_source_Jun2019,YEAR,-1,-1;UPDATE_YR "UPDATE_YR" true true false 255 Text 0 0 ,First,#,F:\OneDrive - WCMC(1)\WDPA\Monthly Versions\2019\June_2019\WDPA_Jun2019_Public.gdb\WDPA_source_Jun2019,UPDATE_YR,-1,-1;LANGUAGE "LANGUAGE" true true false 255 Text 0 0 ,First,#,F:\OneDrive - WCMC(1)\WDPA\Monthly Versions\2019\June_2019\WDPA_Jun2019_Public.gdb\WDPA_source_Jun2019,LANGUAGE,-1,-1;CHAR_SET "CHAR_SET" true true false 255 Text 0 0 ,First,#,F:\OneDrive - WCMC(1)\WDPA\Monthly Versions\2019\June_2019\WDPA_Jun2019_Public.gdb\WDPA_source_Jun2019,CHAR_SET,-1,-1;REF_SYSTEM "REF_SYSTEM" true true false 255 Text 0 0 ,First,#,F:\OneDrive - WCMC(1)\WDPA\Monthly Versions\2019\June_2019\WDPA_Jun2019_Public.gdb\WDPA_source_Jun2019,REF_SYSTEM,-1,-1;SCALE "SCALE" true true false 255 Text 0 0 ,First,#,F:\OneDrive - WCMC(1)\WDPA\Monthly Versions\2019\June_2019\WDPA_Jun2019_Public.gdb\WDPA_source_Jun2019,SCALE,-1,-1;LINEAGE "LINEAGE" true true false 264 Text 0 0 ,First,#,F:\OneDrive - WCMC(1)\WDPA\Monthly Versions\2019\June_2019\WDPA_Jun2019_Public.gdb\WDPA_source_Jun2019,LINEAGE,-1,-1;CITATION "CITATION" true true false 261 Text 0 0 ,First,#,F:\OneDrive - WCMC(1)\WDPA\Monthly Versions\2019\June_2019\WDPA_Jun2019_Public.gdb\WDPA_source_Jun2019,CITATION,-1,-1;DISCLAIMER "DISCLAIMER" true true false 264 Text 0 0 ,First,#,F:\OneDrive - WCMC(1)\WDPA\Monthly Versions\2019\June_2019\WDPA_Jun2019_Public.gdb\WDPA_source_Jun2019,DISCLAIMER,-1,-1" #</Process><Process ToolSource="c:\program files\arcgis\pro\Resources\ArcToolbox\toolboxes\Conversion Tools.tbx\TableToTable" Date="20190913" Time="160954">TableToTable WDPA_source_Sep2019 "F:\1_Country Updates\2019\October\October Monthly Release\1_MASTER\2_Oct\WDPA_MASTER_October2019.gdb" WDPA_source_Oct2019 # "METADATAID "METADATAID" true true false 4 Long 0 0,First,#,F:\1_Country Updates\2019\October\October Monthly Release\1_MASTER\1_Sep\WDPA_MASTER.gdb\WDPA_source_Sep2019,METADATAID,-1,-1;DATA_TITLE "DATA_TITLE" true true false 255 Text 0 0,First,#,F:\1_Country Updates\2019\October\October Monthly Release\1_MASTER\1_Sep\WDPA_MASTER.gdb\WDPA_source_Sep2019,DATA_TITLE,0,255;RESP_PARTY "RESP_PARTY" true true false 255 Text 0 0,First,#,F:\1_Country Updates\2019\October\October Monthly Release\1_MASTER\1_Sep\WDPA_MASTER.gdb\WDPA_source_Sep2019,RESP_PARTY,0,255;VERIFIER "VERIFIER" true true false 259 Text 0 0,First,#,F:\1_Country Updates\2019\October\October Monthly Release\1_MASTER\1_Sep\WDPA_MASTER.gdb\WDPA_source_Sep2019,VERIFIER,0,259;YEAR "YEAR" true true false 255 Text 0 0,First,#,F:\1_Country Updates\2019\October\October Monthly Release\1_MASTER\1_Sep\WDPA_MASTER.gdb\WDPA_source_Sep2019,YEAR,0,255;UPDATE_YR "UPDATE_YR" true true false 255 Text 0 0,First,#,F:\1_Country Updates\2019\October\October Monthly Release\1_MASTER\1_Sep\WDPA_MASTER.gdb\WDPA_source_Sep2019,UPDATE_YR,0,255;LANGUAGE "LANGUAGE" true true false 255 Text 0 0,First,#,F:\1_Country Updates\2019\October\October Monthly Release\1_MASTER\1_Sep\WDPA_MASTER.gdb\WDPA_source_Sep2019,LANGUAGE,0,255;CHAR_SET "CHAR_SET" true true false 255 Text 0 0,First,#,F:\1_Country Updates\2019\October\October Monthly Release\1_MASTER\1_Sep\WDPA_MASTER.gdb\WDPA_source_Sep2019,CHAR_SET,0,255;REF_SYSTEM "REF_SYSTEM" true true false 255 Text 0 0,First,#,F:\1_Country Updates\2019\October\October Monthly Release\1_MASTER\1_Sep\WDPA_MASTER.gdb\WDPA_source_Sep2019,REF_SYSTEM,0,255;SCALE "SCALE" true true false 255 Text 0 0,First,#,F:\1_Country Updates\2019\October\October Monthly Release\1_MASTER\1_Sep\WDPA_MASTER.gdb\WDPA_source_Sep2019,SCALE,0,255;LINEAGE "LINEAGE" true true false 264 Text 0 0,First,#,F:\1_Country Updates\2019\October\October Monthly Release\1_MASTER\1_Sep\WDPA_MASTER.gdb\WDPA_source_Sep2019,LINEAGE,0,264;CITATION "CITATION" true true false 261 Text 0 0,First,#,F:\1_Country Updates\2019\October\October Monthly Release\1_MASTER\1_Sep\WDPA_MASTER.gdb\WDPA_source_Sep2019,CITATION,0,261;DISCLAIMER "DISCLAIMER" true true false 264 Text 0 0,First,#,F:\1_Country Updates\2019\October\October Monthly Release\1_MASTER\1_Sep\WDPA_MASTER.gdb\WDPA_source_Sep2019,DISCLAIMER,0,264" #</Process></lineage><itemProps><itemLocation><linkage Sync="TRUE">file://\\WCMC-LT-822273X\C$\Users\heatherb\Desktop\WDOECM\WDOECM_Dec2019.gdb</linkage><protocol Sync="TRUE">Local Area Network</protocol></itemLocation><itemName Sync="TRUE">WDPA_source_Oct2019</itemName><imsContentType Sync="TRUE">002</imsContentType></itemProps></DataProperties><SyncDate>20190913</SyncDate><SyncTime>16095400</SyncTime><ModDate>20190913</ModDate><ModTime>16095400</ModTime></Esri><dataIdInfo><envirDesc Sync="TRUE">Microsoft Windows 10 Version 10.0 (Build 17763) ; Esri ArcGIS 12.4.0.19948</envirDesc><dataLang><languageCode value="eng" Sync="TRUE"></languageCode><countryCode value="GBR" Sync="TRUE"></countryCode></dataLang><idCitation><resTitle Sync="TRUE">WDPA_source_Oct2019</resTitle><presForm><PresFormCd value="011" Sync="TRUE"></PresFormCd></presForm></idCitation><spatRpType><SpatRepTypCd value="003" Sync="TRUE"></SpatRepTypCd></spatRpType></dataIdInfo><mdLang><languageCode value="eng" Sync="TRUE"></languageCode><countryCode value="GBR" Sync="TRUE"></countryCode></mdLang><distInfo><distFormat><formatName Sync="TRUE">File Geodatabase Table</formatName></distFormat></distInfo><mdHrLv><ScopeCd value="007" Sync="TRUE"></ScopeCd></mdHrLv><mdHrLvName Sync="TRUE">dataset</mdHrLvName><eainfo><detailed Name="WDPA_source_Oct2019"><enttyp><enttypl Sync="TRUE">WDPA_source_Oct2019</enttypl><enttypt Sync="TRUE">Table</enttypt><enttypc Sync="TRUE">0</enttypc></enttyp><attr><attrlabl Sync="TRUE">OBJECTID</attrlabl><attalias Sync="TRUE">OBJECTID</attalias><attrtype Sync="TRUE">OID</attrtype><attwidth Sync="TRUE">4</attwidth><atprecis Sync="TRUE">0</atprecis><attscale Sync="TRUE">0</attscale><attrdef Sync="TRUE">Internal feature number.</attrdef><attrdefs Sync="TRUE">Esri</attrdefs><attrdomv><udom Sync="TRUE">Sequential unique whole numbers that are automatically generated.</udom></attrdomv></attr><attr><attrlabl Sync="TRUE">METADATAID</attrlabl><attalias Sync="TRUE">METADATAID</attalias><attrtype Sync="TRUE">Integer</attrtype><attwidth Sync="TRUE">4</attwidth><atprecis Sync="TRUE">0</atprecis><attscale Sync="TRUE">0</attscale></attr><attr><attrlabl Sync="TRUE">DATA_TITLE</attrlabl><attalias Sync="TRUE">DATA_TITLE</attalias><attrtype Sync="TRUE">String</attrtype><attwidth Sync="TRUE">255</attwidth><atprecis Sync="TRUE">0</atprecis><attscale Sync="TRUE">0</attscale></attr><attr><attrlabl Sync="TRUE">RESP_PARTY</attrlabl><attalias Sync="TRUE">RESP_PARTY</attalias><attrtype Sync="TRUE">String</attrtype><attwidth Sync="TRUE">255</attwidth><atprecis Sync="TRUE">0</atprecis><attscale Sync="TRUE">0</attscale></attr><attr><attrlabl Sync="TRUE">VERIFIER</attrlabl><attalias Sync="TRUE">VERIFIER</attalias><attrtype Sync="TRUE">String</attrtype><attwidth Sync="TRUE">259</attwidth><atprecis Sync="TRUE">0</atprecis><attscale Sync="TRUE">0</attscale></attr><attr><attrlabl Sync="TRUE">YEAR</attrlabl><attalias Sync="TRUE">YEAR</attalias><attrtype Sync="TRUE">String</attrtype><attwidth Sync="TRUE">255</attwidth><atprecis Sync="TRUE">0</atprecis><attscale Sync="TRUE">0</attscale></attr><attr><attrlabl Sync="TRUE">UPDATE_YR</attrlabl><attalias Sync="TRUE">UPDATE_YR</attalias><attrtype Sync="TRUE">String</attrtype><attwidth Sync="TRUE">255</attwidth><atprecis Sync="TRUE">0</atprecis><attscale Sync="TRUE">0</attscale></attr><attr><attrlabl Sync="TRUE">LANGUAGE</attrlabl><attalias Sync="TRUE">LANGUAGE</attalias><attrtype Sync="TRUE">String</attrtype><attwidth Sync="TRUE">255</attwidth><atprecis Sync="TRUE">0</atprecis><attscale Sync="TRUE">0</attscale></attr><attr><attrlabl Sync="TRUE">CHAR_SET</attrlabl><attalias Sync="TRUE">CHAR_SET</attalias><attrtype Sync="TRUE">String</attrtype><attwidth Sync="TRUE">255</attwidth><atprecis Sync="TRUE">0</atprecis><attscale Sync="TRUE">0</attscale></attr><attr><attrlabl Sync="TRUE">REF_SYSTEM</attrlabl><attalias Sync="TRUE">REF_SYSTEM</attalias><attrtype Sync="TRUE">String</attrtype><attwidth Sync="TRUE">255</attwidth><atprecis Sync="TRUE">0</atprecis><attscale Sync="TRUE">0</attscale></attr><attr><attrlabl Sync="TRUE">SCALE</attrlabl><attalias Sync="TRUE">SCALE</attalias><attrtype Sync="TRUE">String</attrtype><attwidth Sync="TRUE">255</attwidth><atprecis Sync="TRUE">0</atprecis><attscale Sync="TRUE">0</attscale></attr><attr><attrlabl Sync="TRUE">LINEAGE</attrlabl><attalias Sync="TRUE">LINEAGE</attalias><attrtype Sync="TRUE">String</attrtype><attwidth Sync="TRUE">264</attwidth><atprecis Sync="TRUE">0</atprecis><attscale Sync="TRUE">0</attscale></attr><attr><attrlabl Sync="TRUE">CITATION</attrlabl><attalias Sync="TRUE">CITATION</attalias><attrtype Sync="TRUE">String</attrtype><attwidth Sync="TRUE">261</attwidth><atprecis Sync="TRUE">0</atprecis><attscale Sync="TRUE">0</attscale></attr><attr><attrlabl Sync="TRUE">DISCLAIMER</attrlabl><attalias Sync="TRUE">DISCLAIMER</attalias><attrtype Sync="TRUE">String</attrtype><attwidth Sync="TRUE">264</attwidth><atprecis Sync="TRUE">0</atprecis><attscale Sync="TRUE">0</attscale></attr></detailed></eainfo><mdDateSt Sync="TRUE">20190913</mdDateSt></metadata>
